iter	AverageGain:top=10
0	0.2034482759
1	0.2290229885
2	0.2603448276
3	0.2784482759
4	0.2793103448
5	0.2804597701
6	0.2795977011
7	0.2844827586
8	0.2859195402
9	0.2908045977
10	0.2876436782
11	0.2925287356
12	0.2945402299
13	0.2948275862
14	0.2945402299
15	0.2951149425
16	0.2951149425
17	0.2994252874
18	0.2968390805
19	0.2965517241
20	0.3
21	0.3014367816
22	0.3034482759
23	0.307183908
24	0.307183908
25	0.3097701149
26	0.3112068966
27	0.3083333333
28	0.3100574713
29	0.3129310345
30	0.3149425287
31	0.3172413793
32	0.3181034483
33	0.316954023
34	0.3158045977
35	0.3201149425
36	0.3209770115
37	0.3201149425
38	0.3218390805
39	0.3235632184
40	0.3244252874
41	0.3247126437
42	0.3255747126
43	0.325
44	0.3247126437
45	0.3247126437
46	0.3247126437
47	0.325
48	0.3270114943
49	0.3261494253
50	0.3264367816
51	0.3267241379
52	0.3284482759
53	0.3304597701
54	0.3281609195
55	0.333045977
56	0.3333333333
57	0.3336206897
58	0.333045977
59	0.3336206897
60	0.3341954023
61	0.3376436782
62	0.3385057471
63	0.3390804598
64	0.3393678161
65	0.3408045977
66	0.342816092
67	0.341954023
68	0.3436781609
69	0.3439655172
70	0.3448275862
71	0.3425287356
72	0.3451149425
73	0.3451149425
74	0.3462643678
75	0.3459770115
76	0.3442528736
77	0.3454022989
78	0.3459770115
79	0.3474137931
80	0.3477011494
81	0.3479885057
82	0.349137931
83	0.3488505747
84	0.3494252874
85	0.350862069
86	0.3511494253
87	0.350862069
88	0.350862069
89	0.3505747126
90	0.3525862069
91	0.3534482759
92	0.3540229885
93	0.3554597701
94	0.3563218391
95	0.3551724138
96	0.3566091954
97	0.3563218391
98	0.3566091954
99	0.3568965517
100	0.3566091954
101	0.3563218391
102	0.3591954023
103	0.3574712644
104	0.3583333333
105	0.3603448276
106	0.3614942529
107	0.3623563218
108	0.3600574713
109	0.3600574713
110	0.3612068966
111	0.3612068966
112	0.3629310345
113	0.3623563218
114	0.3632183908
115	0.3629310345
116	0.3643678161
117	0.3646551724
118	0.3640804598
119	0.3643678161
120	0.3646551724
121	0.3646551724
122	0.3646551724
123	0.3649425287
124	0.3643678161
125	0.3643678161
126	0.3646551724
127	0.366091954
128	0.366954023
129	0.366954023
130	0.366954023
131	0.3672413793
132	0.3675287356
133	0.367816092
134	0.3675287356
135	0.3666666667
136	0.3663793103
137	0.366091954
138	0.366091954
139	0.366091954
140	0.366091954
141	0.3672413793
142	0.3692528736
143	0.3692528736
144	0.3692528736
145	0.3698275862
146	0.3695402299
147	0.3698275862
148	0.3692528736
149	0.3698275862
150	0.3701149425
151	0.3706896552
152	0.3709770115
153	0.3709770115
154	0.3715517241
155	0.3718390805
156	0.3738505747
157	0.3729885057
158	0.3718390805
159	0.3724137931
160	0.3729885057
161	0.3735632184
162	0.374137931
163	0.3744252874
164	0.3744252874
165	0.3747126437
166	0.3761494253
167	0.3764367816
168	0.375
169	0.3752873563
170	0.374137931
171	0.375862069
172	0.3764367816
173	0.375862069
174	0.3752873563
175	0.3764367816
176	0.3775862069
177	0.3767241379
178	0.3770114943
179	0.3770114943
180	0.3772988506
181	0.3775862069
182	0.3770114943
183	0.3772988506
184	0.3781609195
185	0.3784482759
186	0.3784482759
187	0.3787356322
188	0.3787356322
189	0.3790229885
190	0.3784482759
191	0.3804597701
192	0.3810344828
193	0.3807471264
194	0.3807471264
195	0.3807471264
196	0.3816091954
197	0.3813218391
198	0.3818965517
199	0.383045977
200	0.383045977
201	0.3824712644
202	0.3827586207
203	0.3818965517
204	0.3841954023
205	0.383908046
206	0.3836206897
207	0.3824712644
208	0.383908046
209	0.383908046
210	0.3836206897
211	0.3853448276
212	0.3850574713
213	0.383908046
214	0.383908046
215	0.3853448276
216	0.3850574713
217	0.3850574713
218	0.3856321839
219	0.3864942529
220	0.3870689655
221	0.3882183908
222	0.3870689655
223	0.3870689655
224	0.3873563218
225	0.3882183908
226	0.3867816092
227	0.3876436782
228	0.3882183908
229	0.3902298851
230	0.3899425287
231	0.3893678161
232	0.3905172414
233	0.391091954
234	0.3902298851
235	0.3908045977
236	0.3925287356
237	0.3933908046
238	0.3933908046
239	0.3925287356
240	0.391954023
241	0.3931034483
242	0.3931034483
243	0.3939655172
244	0.3945402299
245	0.3942528736
246	0.3954022989
247	0.3948275862
248	0.3962643678
249	0.3965517241
250	0.3956896552
251	0.3962643678
252	0.3948275862
253	0.3956896552
254	0.3959770115
255	0.3954022989
256	0.3954022989
257	0.3948275862
258	0.3945402299
259	0.3954022989
260	0.3962643678
261	0.3965517241
262	0.3979885057
263	0.3979885057
264	0.3977011494
265	0.3979885057
266	0.3985632184
267	0.3985632184
268	0.399137931
269	0.3994252874
270	0.3988505747
271	0.3979885057
272	0.3979885057
273	0.3985632184
274	0.3982758621
275	0.3988505747
276	0.3985632184
277	0.3985632184
278	0.3974137931
279	0.3977011494
280	0.3979885057
281	0.3977011494
282	0.3971264368
283	0.3982758621
284	0.3968390805
285	0.3974137931
286	0.3971264368
287	0.3988505747
288	0.4002873563
289	0.399137931
290	0.3985632184
291	0.400862069
292	0.4020114943
293	0.4014367816
294	0.400862069
295	0.4017241379
296	0.4017241379
297	0.4020114943
298	0.4022988506
299	0.4017241379
300	0.4020114943
301	0.4025862069
302	0.4025862069
303	0.4025862069
304	0.4028735632
305	0.4045977011
306	0.4040229885
307	0.4028735632
308	0.4028735632
309	0.4043103448
310	0.4034482759
311	0.4031609195
312	0.4034482759
313	0.4040229885
314	0.4045977011
315	0.4043103448
316	0.4040229885
317	0.4051724138
318	0.4066091954
319	0.4066091954
320	0.4057471264
321	0.4063218391
322	0.4060344828
323	0.4063218391
324	0.4066091954
325	0.4063218391
326	0.4066091954
327	0.4063218391
328	0.4063218391
329	0.4074712644
330	0.4083333333
331	0.408908046
332	0.4091954023
333	0.4086206897
334	0.4086206897
335	0.408908046
336	0.4097701149
337	0.4094827586
338	0.408908046
339	0.408908046
340	0.4091954023
341	0.4091954023
342	0.4091954023
343	0.4094827586
344	0.4094827586
345	0.4094827586
346	0.4100574713
347	0.4103448276
348	0.4094827586
349	0.4094827586
350	0.4097701149
351	0.4103448276
352	0.4103448276
353	0.4109195402
354	0.4114942529
355	0.4114942529
356	0.4123563218
357	0.4120689655
358	0.4126436782
359	0.4123563218
360	0.4123563218
361	0.4120689655
362	0.4120689655
363	0.4117816092
364	0.4112068966
365	0.4114942529
366	0.4112068966
367	0.4120689655
368	0.4123563218
369	0.4123563218
370	0.4132183908
371	0.4126436782
372	0.4126436782
373	0.4126436782
374	0.4132183908
375	0.4123563218
376	0.4120689655
377	0.4112068966
378	0.4117816092
379	0.4120689655
380	0.4120689655
381	0.4120689655
382	0.4129310345
383	0.4132183908
384	0.4140804598
385	0.4155172414
386	0.4155172414
387	0.4158045977
388	0.416091954
389	0.4163793103
390	0.416091954
391	0.416091954
392	0.4158045977
393	0.4172413793
394	0.4175287356
395	0.4181034483
396	0.4175287356
397	0.4175287356
398	0.4172413793
399	0.417816092
400	0.4186781609
401	0.4183908046
402	0.4181034483
403	0.4181034483
404	0.4183908046
405	0.4183908046
406	0.4183908046
407	0.4189655172
408	0.4192528736
409	0.4192528736
410	0.4189655172
411	0.4181034483
412	0.4181034483
413	0.4186781609
414	0.4181034483
415	0.4181034483
416	0.417816092
417	0.4181034483
418	0.4181034483
419	0.4183908046
420	0.4181034483
421	0.417816092
422	0.4172413793
423	0.4172413793
424	0.4172413793
425	0.416954023
426	0.4172413793
427	0.416954023
428	0.4181034483
429	0.417816092
430	0.4186781609
431	0.4189655172
432	0.4186781609
433	0.4181034483
434	0.4189655172
435	0.4192528736
436	0.4192528736
437	0.4198275862
438	0.4209770115
439	0.4209770115
440	0.4209770115
441	0.4209770115
442	0.4206896552
443	0.4201149425
444	0.4204022989
445	0.4204022989
446	0.4209770115
447	0.4212643678
448	0.4209770115
449	0.4212643678
450	0.4209770115
451	0.4215517241
452	0.4215517241
453	0.4221264368
454	0.4224137931
455	0.4221264368
456	0.4221264368
457	0.4221264368
458	0.4229885057
459	0.4229885057
460	0.4229885057
461	0.4227011494
462	0.4235632184
463	0.4232758621
464	0.4224137931
465	0.4229885057
466	0.4235632184
467	0.4238505747
468	0.4238505747
469	0.4238505747
470	0.4235632184
471	0.4232758621
472	0.4235632184
473	0.4238505747
474	0.4235632184
475	0.4247126437
476	0.4247126437
477	0.425
478	0.424137931
479	0.4252873563
480	0.4247126437
481	0.4255747126
482	0.4255747126
483	0.4252873563
484	0.425862069
485	0.425862069
486	0.425862069
487	0.425862069
488	0.425862069
489	0.4255747126
490	0.4255747126
491	0.425862069
492	0.425862069
493	0.425862069
494	0.4261494253
495	0.4261494253
496	0.4267241379
497	0.4264367816
498	0.4264367816
499	0.4264367816
500	0.4270114943
501	0.4267241379
502	0.4264367816
503	0.4267241379
504	0.4267241379
505	0.4270114943
506	0.4275862069
507	0.4275862069
508	0.4275862069
509	0.4287356322
510	0.4287356322
511	0.4295977011
512	0.4295977011
513	0.4295977011
514	0.4295977011
515	0.4295977011
516	0.4293103448
517	0.4287356322
518	0.4290229885
519	0.4290229885
520	0.4290229885
521	0.4287356322
522	0.4290229885
523	0.4290229885
524	0.4290229885
525	0.4290229885
526	0.4293103448
527	0.4290229885
528	0.4301724138
529	0.4301724138
530	0.4301724138
531	0.4295977011
532	0.4293103448
533	0.4293103448
534	0.4290229885
535	0.4284482759
536	0.4290229885
537	0.4293103448
538	0.4298850575
539	0.4295977011
540	0.4301724138
541	0.4298850575
542	0.4304597701
543	0.4304597701
544	0.4310344828
545	0.4307471264
546	0.4304597701
547	0.4304597701
548	0.4313218391
549	0.4310344828
550	0.4310344828
551	0.4310344828
552	0.4310344828
553	0.4318965517
554	0.432183908
555	0.432183908
556	0.432183908
557	0.4327586207
558	0.4327586207
559	0.4344827586
560	0.4341954023
561	0.433045977
562	0.433045977
563	0.4336206897
564	0.4336206897
565	0.433908046
566	0.433908046
567	0.4336206897
568	0.4336206897
569	0.4336206897
570	0.4336206897
571	0.433908046
572	0.433908046
573	0.4341954023
574	0.4341954023
575	0.4356321839
576	0.4341954023
577	0.4341954023
578	0.433908046
579	0.4341954023
580	0.4336206897
581	0.433908046
582	0.4344827586
583	0.4350574713
584	0.4356321839
585	0.4353448276
586	0.4356321839
587	0.4362068966
588	0.4362068966
589	0.4362068966
590	0.4359195402
591	0.4364942529
592	0.4364942529
593	0.4359195402
594	0.4353448276
595	0.4356321839
596	0.4356321839
597	0.4362068966
598	0.4364942529
599	0.4367816092
600	0.4373563218
601	0.4370689655
602	0.4367816092
603	0.4373563218
604	0.4370689655
605	0.4364942529
606	0.4370689655
607	0.4370689655
608	0.4367816092
609	0.4367816092
610	0.4373563218
611	0.4364942529
612	0.4364942529
613	0.4364942529
614	0.4370689655
615	0.4364942529
616	0.4370689655
617	0.4376436782
618	0.4379310345
619	0.4376436782
620	0.4385057471
621	0.4390804598
622	0.4390804598
623	0.4390804598
624	0.4390804598
625	0.4393678161
626	0.4399425287
627	0.4399425287
628	0.4396551724
629	0.4399425287
630	0.4399425287
631	0.4399425287
632	0.4399425287
633	0.4396551724
634	0.4390804598
635	0.4393678161
636	0.4390804598
637	0.4390804598
638	0.4390804598
639	0.4393678161
640	0.4396551724
641	0.4393678161
642	0.4393678161
643	0.441091954
644	0.4408045977
645	0.4416666667
646	0.4413793103
647	0.4416666667
648	0.4413793103
649	0.4413793103
650	0.4413793103
651	0.4416666667
652	0.4413793103
653	0.4416666667
654	0.4413793103
655	0.4413793103
656	0.4416666667
657	0.4413793103
658	0.4413793103
659	0.4413793103
660	0.4416666667
661	0.4422413793
662	0.441954023
663	0.441954023
664	0.441954023
665	0.441954023
666	0.4422413793
667	0.4422413793
668	0.441954023
669	0.441954023
670	0.4425287356
671	0.4425287356
672	0.4422413793
673	0.4425287356
674	0.4433908046
675	0.442816092
676	0.4431034483
677	0.4433908046
678	0.4439655172
679	0.4439655172
680	0.4448275862
681	0.4445402299
682	0.4445402299
683	0.4448275862
684	0.4451149425
685	0.4454022989
686	0.4454022989
687	0.4454022989
688	0.4454022989
689	0.4454022989
690	0.4459770115
691	0.4465517241
692	0.4462643678
693	0.4462643678
694	0.4462643678
695	0.4465517241
696	0.4468390805
697	0.4465517241
698	0.4465517241
699	0.4465517241
700	0.4462643678
701	0.4465517241
702	0.4468390805
703	0.4465517241
704	0.4471264368
705	0.4471264368
706	0.4477011494
707	0.4477011494
708	0.4479885057
709	0.4479885057
710	0.4482758621
711	0.4482758621
712	0.4485632184
713	0.4485632184
714	0.4485632184
715	0.449137931
716	0.4494252874
717	0.449137931
718	0.449137931
719	0.449137931
720	0.4494252874
721	0.4497126437
722	0.4497126437
723	0.4497126437
724	0.4494252874
725	0.4497126437
726	0.4494252874
727	0.4488505747
728	0.4494252874
729	0.45
730	0.4502873563
731	0.4502873563
732	0.45
733	0.4502873563
734	0.4505747126
735	0.4514367816
736	0.450862069
737	0.450862069
738	0.450862069
739	0.4511494253
740	0.450862069
741	0.450862069
742	0.450862069
743	0.4502873563
744	0.4514367816
745	0.4514367816
746	0.4505747126
747	0.4502873563
748	0.4514367816
749	0.4514367816
750	0.4514367816
751	0.4514367816
752	0.4514367816
753	0.4517241379
754	0.4517241379
755	0.4517241379
756	0.4514367816
757	0.4514367816
758	0.4514367816
759	0.4514367816
760	0.4514367816
761	0.4517241379
762	0.4517241379
763	0.4517241379
764	0.4517241379
765	0.4520114943
766	0.4517241379
767	0.4522988506
768	0.4522988506
769	0.4528735632
770	0.4528735632
771	0.4525862069
772	0.4525862069
773	0.4525862069
774	0.4522988506
775	0.4525862069
776	0.4525862069
777	0.4531609195
778	0.4534482759
779	0.4531609195
780	0.4531609195
781	0.4528735632
782	0.4528735632
783	0.4531609195
784	0.4528735632
785	0.4534482759
786	0.4534482759
787	0.4531609195
788	0.4534482759
789	0.4534482759
790	0.4534482759
791	0.4540229885
792	0.4537356322
793	0.4537356322
794	0.4537356322
795	0.4537356322
796	0.4543103448
797	0.4543103448
798	0.4548850575
799	0.4548850575
800	0.4548850575
801	0.4551724138
802	0.4551724138
803	0.4554597701
804	0.4554597701
805	0.4551724138
806	0.4554597701
807	0.4554597701
808	0.4557471264
809	0.4557471264
810	0.4557471264
811	0.4557471264
812	0.4563218391
813	0.4563218391
814	0.4560344828
815	0.4560344828
816	0.4560344828
817	0.4560344828
818	0.4560344828
819	0.4560344828
820	0.4560344828
821	0.4557471264
822	0.4557471264
823	0.4557471264
824	0.4560344828
825	0.4560344828
826	0.4554597701
827	0.4554597701
828	0.4557471264
829	0.4557471264
830	0.4557471264
831	0.4554597701
832	0.4554597701
833	0.4557471264
834	0.4554597701
835	0.4554597701
836	0.4557471264
837	0.4560344828
838	0.4560344828
839	0.4560344828
840	0.4560344828
841	0.4560344828
842	0.4557471264
843	0.4557471264
844	0.4551724138
845	0.4551724138
846	0.4551724138
847	0.4551724138
848	0.4551724138
849	0.4551724138
850	0.4551724138
851	0.4554597701
852	0.4557471264
853	0.4557471264
854	0.4554597701
855	0.4548850575
856	0.4554597701
857	0.4554597701
858	0.4557471264
859	0.4557471264
860	0.4557471264
861	0.4560344828
862	0.4560344828
863	0.4560344828
864	0.4563218391
865	0.4566091954
866	0.457183908
867	0.4574712644
868	0.4574712644
869	0.457183908
870	0.4574712644
871	0.4574712644
872	0.457183908
873	0.457183908
874	0.457183908
875	0.4577586207
876	0.457183908
877	0.457183908
878	0.457183908
879	0.457183908
880	0.457183908
881	0.4574712644
882	0.4574712644
883	0.4574712644
884	0.4577586207
885	0.4577586207
886	0.4577586207
887	0.4577586207
888	0.4586206897
889	0.4577586207
890	0.4577586207
891	0.458045977
892	0.4577586207
893	0.4577586207
894	0.4577586207
895	0.4583333333
896	0.4583333333
897	0.458045977
898	0.458045977
899	0.4577586207
900	0.4577586207
901	0.458908046
902	0.4586206897
903	0.4586206897
904	0.4586206897
905	0.4594827586
906	0.4591954023
907	0.4600574713
908	0.4594827586
909	0.4597701149
910	0.4600574713
911	0.4600574713
912	0.4594827586
913	0.4591954023
914	0.4591954023
915	0.4597701149
916	0.4600574713
917	0.4600574713
918	0.4594827586
919	0.4594827586
920	0.4594827586
921	0.4594827586
922	0.4594827586
923	0.4594827586
924	0.4597701149
925	0.4597701149
926	0.4600574713
927	0.4594827586
928	0.4594827586
929	0.4597701149
930	0.4597701149
931	0.4600574713
932	0.4600574713
933	0.4600574713
934	0.4606321839
935	0.4606321839
936	0.4609195402
937	0.4597701149
938	0.4600574713
939	0.4600574713
940	0.4609195402
941	0.4606321839
942	0.4606321839
943	0.4606321839
944	0.4609195402
945	0.4609195402
946	0.4606321839
947	0.4603448276
948	0.4603448276
949	0.4606321839
950	0.4606321839
951	0.4609195402
952	0.4609195402
953	0.4603448276
954	0.4606321839
955	0.4603448276
956	0.4612068966
957	0.4606321839
958	0.4606321839
959	0.4612068966
960	0.4614942529
961	0.4614942529
962	0.4614942529
963	0.4614942529
964	0.4614942529
965	0.4614942529
966	0.4609195402
967	0.4614942529
968	0.4620689655
969	0.4620689655
970	0.4617816092
971	0.4617816092
972	0.4617816092
973	0.4617816092
974	0.4620689655
975	0.4617816092
976	0.4617816092
977	0.4620689655
978	0.4617816092
979	0.4623563218
980	0.4617816092
981	0.4617816092
982	0.4620689655
983	0.4620689655
984	0.4617816092
985	0.4617816092
986	0.4617816092
987	0.4620689655
988	0.4623563218
989	0.4623563218
990	0.4620689655
991	0.4623563218
992	0.4626436782
993	0.4626436782
994	0.4623563218
995	0.4623563218
996	0.4617816092
997	0.4620689655
998	0.4623563218
999	0.4620689655
1000	0.4632183908
1001	0.4629310345
1002	0.4637931034
1003	0.4640804598
1004	0.4637931034
1005	0.4637931034
1006	0.4635057471
1007	0.4635057471
1008	0.4635057471
1009	0.4637931034
1010	0.4637931034
1011	0.4629310345
1012	0.4637931034
1013	0.4637931034
1014	0.4637931034
1015	0.4632183908
1016	0.4632183908
1017	0.4635057471
1018	0.4643678161
1019	0.4637931034
1020	0.4640804598
1021	0.4640804598
1022	0.4637931034
1023	0.4637931034
1024	0.4637931034
1025	0.4637931034
1026	0.4640804598
1027	0.4640804598
1028	0.4640804598
1029	0.4640804598
1030	0.4640804598
1031	0.4649425287
1032	0.4649425287
1033	0.4649425287
1034	0.4646551724
1035	0.4652298851
1036	0.4649425287
1037	0.4655172414
1038	0.4655172414
1039	0.4655172414
1040	0.4655172414
1041	0.4655172414
1042	0.4655172414
1043	0.4652298851
1044	0.4652298851
1045	0.4652298851
1046	0.4652298851
1047	0.4652298851
1048	0.4649425287
1049	0.4649425287
1050	0.4652298851
1051	0.4652298851
1052	0.4652298851
1053	0.4652298851
1054	0.4652298851
1055	0.4652298851
1056	0.4652298851
1057	0.4652298851
1058	0.4652298851
1059	0.4652298851
1060	0.4652298851
1061	0.4655172414
1062	0.4655172414
1063	0.4655172414
1064	0.4655172414
1065	0.4658045977
1066	0.466091954
1067	0.4663793103
1068	0.466091954
1069	0.4658045977
1070	0.4663793103
1071	0.466091954
1072	0.466091954
1073	0.466091954
1074	0.466091954
1075	0.466091954
1076	0.466091954
1077	0.466091954
1078	0.4663793103
1079	0.4663793103
1080	0.466091954
1081	0.4658045977
1082	0.4658045977
1083	0.4655172414
1084	0.4658045977
1085	0.4658045977
1086	0.4658045977
1087	0.4658045977
1088	0.466091954
1089	0.466091954
1090	0.4663793103
1091	0.466091954
1092	0.4658045977
1093	0.4658045977
1094	0.466091954
1095	0.4663793103
1096	0.4663793103
1097	0.4666666667
1098	0.4663793103
1099	0.4666666667
1100	0.4666666667
1101	0.4666666667
1102	0.4666666667
1103	0.466954023
1104	0.466954023
1105	0.466954023
1106	0.466954023
1107	0.4675287356
1108	0.4675287356
1109	0.4672413793
1110	0.4675287356
1111	0.4675287356
1112	0.4675287356
1113	0.4675287356
1114	0.4675287356
1115	0.4675287356
1116	0.4675287356
1117	0.4675287356
1118	0.4675287356
1119	0.4672413793
1120	0.4672413793
1121	0.466954023
1122	0.466954023
1123	0.467816092
1124	0.467816092
1125	0.467816092
1126	0.4681034483
1127	0.4681034483
1128	0.4681034483
1129	0.4681034483
1130	0.467816092
1131	0.4681034483
1132	0.4681034483
1133	0.4683908046
1134	0.4681034483
1135	0.4672413793
1136	0.4675287356
1137	0.4675287356
1138	0.4675287356
1139	0.467816092
1140	0.467816092
1141	0.4686781609
1142	0.4686781609
1143	0.4683908046
1144	0.4683908046
1145	0.4683908046
1146	0.4683908046
1147	0.4689655172
1148	0.4689655172
1149	0.4692528736
1150	0.4695402299
1151	0.4695402299
1152	0.4692528736
1153	0.4689655172
1154	0.4692528736
1155	0.4695402299
1156	0.4692528736
1157	0.4689655172
1158	0.4689655172
1159	0.4692528736
1160	0.4695402299
1161	0.4695402299
1162	0.4689655172
1163	0.4689655172
1164	0.4689655172
1165	0.4692528736
1166	0.4692528736
1167	0.4692528736
1168	0.4692528736
1169	0.4692528736
1170	0.4695402299
1171	0.4698275862
1172	0.4698275862
1173	0.4698275862
1174	0.4698275862
1175	0.4698275862
1176	0.4698275862
1177	0.4698275862
1178	0.4698275862
1179	0.4698275862
1180	0.4698275862
1181	0.4698275862
1182	0.4695402299
1183	0.4695402299
1184	0.4698275862
1185	0.4695402299
1186	0.4698275862
1187	0.4701149425
1188	0.4704022989
1189	0.4704022989
1190	0.4704022989
1191	0.4704022989
1192	0.4701149425
1193	0.4701149425
1194	0.4698275862
1195	0.4701149425
1196	0.4706896552
1197	0.4706896552
1198	0.4704022989
1199	0.4706896552
1200	0.4712643678
1201	0.4712643678
1202	0.4712643678
1203	0.4712643678
1204	0.4712643678
1205	0.4712643678
1206	0.4712643678
1207	0.4712643678
1208	0.4709770115
1209	0.4709770115
1210	0.4706896552
1211	0.4706896552
1212	0.4706896552
1213	0.4706896552
1214	0.4706896552
1215	0.4706896552
1216	0.4706896552
1217	0.4712643678
1218	0.4712643678
1219	0.4715517241
1220	0.4715517241
1221	0.4715517241
1222	0.4715517241
1223	0.4715517241
1224	0.4718390805
1225	0.4718390805
1226	0.4718390805
1227	0.4715517241
1228	0.4715517241
1229	0.4715517241
1230	0.4718390805
1231	0.4718390805
1232	0.4718390805
1233	0.4718390805
1234	0.4715517241
1235	0.4715517241
1236	0.4715517241
1237	0.4715517241
1238	0.4718390805
1239	0.4718390805
1240	0.4712643678
1241	0.4712643678
1242	0.4712643678
1243	0.4718390805
1244	0.4724137931
1245	0.4724137931
1246	0.4724137931
1247	0.4724137931
1248	0.4729885057
1249	0.4729885057
1250	0.4732758621
1251	0.4732758621
1252	0.4735632184
1253	0.4738505747
1254	0.4735632184
1255	0.4735632184
1256	0.4735632184
1257	0.4735632184
1258	0.4732758621
1259	0.4729885057
1260	0.4729885057
1261	0.4729885057
1262	0.4738505747
1263	0.4735632184
1264	0.4732758621
1265	0.4729885057
1266	0.4732758621
1267	0.4732758621
1268	0.4735632184
1269	0.4729885057
1270	0.4729885057
1271	0.4729885057
1272	0.4721264368
1273	0.4727011494
1274	0.4729885057
1275	0.4727011494
1276	0.4732758621
1277	0.4738505747
1278	0.4738505747
1279	0.474137931
1280	0.4735632184
1281	0.4735632184
1282	0.4732758621
1283	0.4732758621
1284	0.4732758621
1285	0.4732758621
1286	0.4732758621
1287	0.4729885057
1288	0.4729885057
1289	0.4729885057
1290	0.4732758621
1291	0.4735632184
1292	0.4735632184
1293	0.4735632184
1294	0.4735632184
1295	0.4738505747
1296	0.4738505747
1297	0.4735632184
1298	0.4735632184
1299	0.4738505747
1300	0.474137931
1301	0.474137931
1302	0.474137931
1303	0.4744252874
1304	0.474137931
1305	0.474137931
1306	0.474137931
1307	0.4744252874
1308	0.4744252874
1309	0.4747126437
1310	0.4747126437
1311	0.4744252874
1312	0.4761494253
1313	0.4761494253
1314	0.4761494253
1315	0.4755747126
1316	0.475862069
1317	0.4755747126
1318	0.4755747126
1319	0.4755747126
1320	0.475862069
1321	0.4755747126
1322	0.4755747126
1323	0.475862069
1324	0.4764367816
1325	0.4764367816
1326	0.4764367816
1327	0.4767241379
1328	0.4764367816
1329	0.4764367816
1330	0.4761494253
1331	0.4761494253
1332	0.4761494253
1333	0.4764367816
1334	0.4767241379
1335	0.4764367816
1336	0.4761494253
1337	0.4761494253
1338	0.4761494253
1339	0.4764367816
1340	0.4764367816
1341	0.4764367816
1342	0.4764367816
1343	0.4767241379
1344	0.4764367816
1345	0.4761494253
1346	0.4761494253
1347	0.4764367816
1348	0.4770114943
1349	0.4764367816
1350	0.4767241379
1351	0.4767241379
1352	0.4767241379
1353	0.4770114943
1354	0.4770114943
1355	0.4770114943
1356	0.4772988506
1357	0.4770114943
1358	0.4772988506
1359	0.4770114943
1360	0.4767241379
1361	0.4770114943
1362	0.4772988506
1363	0.4772988506
1364	0.4772988506
1365	0.4772988506
1366	0.4772988506
1367	0.4772988506
1368	0.4770114943
1369	0.4772988506
1370	0.4775862069
1371	0.4770114943
1372	0.4770114943
1373	0.4772988506
1374	0.4775862069
1375	0.4775862069
1376	0.4775862069
1377	0.4775862069
1378	0.4778735632
1379	0.4781609195
1380	0.4781609195
1381	0.4781609195
1382	0.4781609195
1383	0.4778735632
1384	0.4775862069
1385	0.4775862069
1386	0.4775862069
1387	0.4781609195
1388	0.4781609195
1389	0.4784482759
1390	0.4784482759
1391	0.4784482759
1392	0.4781609195
1393	0.4781609195
1394	0.4784482759
1395	0.4793103448
1396	0.4795977011
1397	0.4795977011
1398	0.4790229885
1399	0.4790229885
1400	0.4790229885
1401	0.4790229885
1402	0.4790229885
1403	0.4793103448
1404	0.4793103448
1405	0.4793103448
1406	0.4793103448
1407	0.4793103448
1408	0.4790229885
1409	0.4790229885
1410	0.4793103448
1411	0.4795977011
1412	0.4795977011
1413	0.4795977011
1414	0.4798850575
1415	0.4798850575
1416	0.4798850575
1417	0.4798850575
1418	0.4795977011
1419	0.4795977011
1420	0.4798850575
1421	0.4804597701
1422	0.4804597701
1423	0.4801724138
1424	0.4801724138
1425	0.4801724138
1426	0.4804597701
1427	0.4804597701
1428	0.4804597701
1429	0.4807471264
1430	0.4801724138
1431	0.4804597701
1432	0.4804597701
1433	0.4804597701
1434	0.4804597701
1435	0.4804597701
1436	0.4804597701
1437	0.4804597701
1438	0.4798850575
1439	0.4798850575
1440	0.4804597701
1441	0.4807471264
1442	0.4804597701
1443	0.4804597701
1444	0.4804597701
1445	0.4804597701
1446	0.4807471264
1447	0.4807471264
1448	0.4807471264
1449	0.4804597701
1450	0.4804597701
1451	0.4807471264
1452	0.4807471264
1453	0.4807471264
1454	0.4807471264
1455	0.4807471264
1456	0.4807471264
1457	0.4804597701
1458	0.4804597701
1459	0.4807471264
1460	0.4804597701
1461	0.4804597701
1462	0.4804597701
1463	0.4813218391
1464	0.4807471264
1465	0.4810344828
1466	0.4810344828
1467	0.4810344828
1468	0.4807471264
1469	0.4807471264
1470	0.4807471264
1471	0.4807471264
1472	0.4807471264
1473	0.4807471264
1474	0.4807471264
1475	0.4807471264
1476	0.4807471264
1477	0.4807471264
1478	0.4801724138
1479	0.4804597701
1480	0.4810344828
1481	0.4813218391
1482	0.4813218391
1483	0.4813218391
1484	0.4816091954
1485	0.4813218391
1486	0.4816091954
1487	0.4816091954
1488	0.4816091954
1489	0.4813218391
1490	0.4816091954
1491	0.4816091954
1492	0.4816091954
1493	0.4818965517
1494	0.482183908
1495	0.482183908
1496	0.482183908
1497	0.4818965517
1498	0.482183908
1499	0.482183908
1500	0.482183908
1501	0.4818965517
1502	0.4818965517
1503	0.4818965517
1504	0.4818965517
1505	0.4818965517
1506	0.4818965517
1507	0.4818965517
1508	0.4818965517
1509	0.4818965517
1510	0.4818965517
1511	0.4818965517
1512	0.4818965517
1513	0.4818965517
1514	0.4818965517
1515	0.4818965517
1516	0.4818965517
1517	0.4818965517
1518	0.4818965517
1519	0.4818965517
1520	0.4818965517
1521	0.4818965517
1522	0.4818965517
1523	0.4818965517
1524	0.4818965517
1525	0.4818965517
1526	0.482183908
1527	0.4824712644
1528	0.4824712644
1529	0.482183908
1530	0.4824712644
1531	0.482183908
1532	0.482183908
1533	0.4818965517
1534	0.482183908
1535	0.482183908
1536	0.4818965517
1537	0.4818965517
1538	0.4818965517
1539	0.482183908
1540	0.482183908
1541	0.482183908
1542	0.482183908
1543	0.482183908
1544	0.482183908
1545	0.482183908
1546	0.482183908
1547	0.4824712644
1548	0.4824712644
1549	0.4824712644
1550	0.4824712644
1551	0.4824712644
1552	0.4824712644
1553	0.4824712644
1554	0.4824712644
1555	0.4824712644
1556	0.4824712644
1557	0.4824712644
1558	0.4827586207
1559	0.4827586207
1560	0.4827586207
1561	0.4827586207
1562	0.4827586207
1563	0.4827586207
1564	0.4827586207
1565	0.4827586207
1566	0.4833333333
1567	0.483045977
1568	0.483045977
1569	0.4827586207
1570	0.4827586207
1571	0.4824712644
1572	0.483045977
1573	0.483045977
1574	0.483045977
1575	0.483045977
1576	0.4833333333
1577	0.483908046
1578	0.4836206897
1579	0.4836206897
1580	0.4836206897
1581	0.4836206897
1582	0.4841954023
1583	0.4841954023
1584	0.4841954023
1585	0.4841954023
1586	0.4841954023
1587	0.4841954023
1588	0.4841954023
1589	0.4844827586
1590	0.4841954023
1591	0.4841954023
1592	0.4841954023
1593	0.4841954023
1594	0.4844827586
1595	0.4844827586
1596	0.4844827586
1597	0.4844827586
1598	0.4844827586
1599	0.4844827586
1600	0.4844827586
1601	0.4844827586
1602	0.4844827586
1603	0.4844827586
1604	0.4844827586
1605	0.4844827586
1606	0.4844827586
1607	0.4844827586
1608	0.4844827586
1609	0.4841954023
1610	0.4844827586
1611	0.4844827586
1612	0.4847701149
1613	0.4847701149
1614	0.4847701149
1615	0.4844827586
1616	0.4847701149
1617	0.4844827586
1618	0.4844827586
1619	0.4844827586
1620	0.4847701149
1621	0.4847701149
1622	0.4847701149
1623	0.4847701149
1624	0.4847701149
1625	0.4847701149
1626	0.4847701149
1627	0.4850574713
1628	0.4850574713
1629	0.4850574713
1630	0.4850574713
1631	0.4847701149
1632	0.4847701149
1633	0.4847701149
1634	0.4847701149
1635	0.4847701149
1636	0.4847701149
1637	0.4847701149
1638	0.4847701149
1639	0.4847701149
1640	0.4850574713
1641	0.4850574713
1642	0.4850574713
1643	0.4850574713
1644	0.4850574713
1645	0.4853448276
1646	0.4853448276
1647	0.4850574713
1648	0.4850574713
1649	0.4850574713
1650	0.4847701149
1651	0.4850574713
1652	0.4850574713
1653	0.4850574713
1654	0.4850574713
1655	0.4853448276
1656	0.4853448276
1657	0.4853448276
1658	0.4853448276
1659	0.4853448276
1660	0.4853448276
1661	0.4853448276
1662	0.4853448276
1663	0.4853448276
1664	0.4850574713
1665	0.4850574713
1666	0.4853448276
1667	0.4853448276
1668	0.4853448276
1669	0.4853448276
1670	0.4853448276
1671	0.4853448276
1672	0.4856321839
1673	0.4856321839
1674	0.4856321839
1675	0.4856321839
1676	0.4856321839
1677	0.4856321839
1678	0.4856321839
1679	0.4856321839
1680	0.4856321839
1681	0.4856321839
1682	0.4856321839
1683	0.4856321839
1684	0.4856321839
1685	0.4856321839
1686	0.4856321839
1687	0.4856321839
1688	0.4856321839
1689	0.4856321839
1690	0.4856321839
1691	0.4856321839
1692	0.4856321839
1693	0.4856321839
1694	0.4856321839
1695	0.4859195402
1696	0.4859195402
1697	0.4859195402
1698	0.4859195402
1699	0.4859195402
1700	0.4859195402
1701	0.4859195402
1702	0.4859195402
1703	0.4862068966
1704	0.4862068966
1705	0.4862068966
1706	0.4862068966
1707	0.4859195402
1708	0.4859195402
1709	0.4859195402
1710	0.4862068966
1711	0.4859195402
1712	0.4859195402
1713	0.4859195402
1714	0.4859195402
1715	0.4859195402
1716	0.4859195402
1717	0.4859195402
1718	0.4862068966
1719	0.4862068966
1720	0.4864942529
1721	0.4864942529
1722	0.4864942529
1723	0.4864942529
1724	0.4864942529
1725	0.4864942529
1726	0.4864942529
1727	0.4864942529
1728	0.4864942529
1729	0.4864942529
1730	0.4864942529
1731	0.4864942529
1732	0.4867816092
1733	0.4867816092
1734	0.4867816092
1735	0.4867816092
1736	0.4870689655
1737	0.4870689655
1738	0.4870689655
1739	0.4870689655
1740	0.4870689655
1741	0.4870689655
1742	0.4867816092
1743	0.4867816092
1744	0.4867816092
1745	0.4867816092
1746	0.4870689655
1747	0.4870689655
1748	0.4867816092
1749	0.4867816092
1750	0.4867816092
1751	0.4867816092
1752	0.4867816092
1753	0.4867816092
1754	0.4867816092
1755	0.4867816092
1756	0.4867816092
1757	0.4867816092
1758	0.4867816092
1759	0.4867816092
1760	0.4867816092
1761	0.4867816092
1762	0.4867816092
1763	0.4864942529
1764	0.4867816092
1765	0.4867816092
1766	0.4867816092
1767	0.4867816092
1768	0.4864942529
1769	0.4864942529
1770	0.4867816092
1771	0.4867816092
1772	0.4867816092
1773	0.4867816092
1774	0.4870689655
1775	0.4870689655
1776	0.4873563218
1777	0.4870689655
1778	0.4870689655
1779	0.4870689655
1780	0.4870689655
1781	0.4870689655
1782	0.4870689655
1783	0.4870689655
1784	0.4870689655
1785	0.4870689655
1786	0.4870689655
1787	0.4870689655
1788	0.4870689655
1789	0.4870689655
1790	0.4870689655
1791	0.4873563218
1792	0.4873563218
1793	0.4873563218
1794	0.4876436782
1795	0.4876436782
1796	0.4876436782
1797	0.4876436782
1798	0.4876436782
1799	0.4876436782
1800	0.4876436782
1801	0.4876436782
1802	0.4876436782
1803	0.4879310345
1804	0.4879310345
1805	0.4879310345
1806	0.4879310345
1807	0.4879310345
1808	0.4879310345
1809	0.4879310345
1810	0.4882183908
1811	0.4882183908
1812	0.4882183908
1813	0.4887931034
1814	0.4887931034
1815	0.4885057471
1816	0.4885057471
1817	0.4885057471
1818	0.4885057471
1819	0.4879310345
1820	0.4879310345
1821	0.4882183908
1822	0.4882183908
1823	0.4879310345
1824	0.4879310345
1825	0.4882183908
1826	0.4879310345
1827	0.4882183908
1828	0.4885057471
1829	0.4887931034
1830	0.4882183908
1831	0.4882183908
1832	0.4887931034
1833	0.4887931034
1834	0.4890804598
1835	0.4893678161
1836	0.4893678161
1837	0.4893678161
1838	0.4896551724
1839	0.4896551724
1840	0.4896551724
1841	0.4896551724
1842	0.4896551724
1843	0.4893678161
1844	0.4893678161
1845	0.4893678161
1846	0.4893678161
1847	0.4893678161
1848	0.4893678161
1849	0.4893678161
1850	0.4893678161
1851	0.4893678161
1852	0.4893678161
1853	0.4893678161
1854	0.4893678161
1855	0.4893678161
1856	0.4893678161
1857	0.4896551724
1858	0.4896551724
1859	0.4893678161
1860	0.4893678161
1861	0.4893678161
1862	0.4893678161
1863	0.4893678161
1864	0.4890804598
1865	0.4890804598
1866	0.4890804598
1867	0.4890804598
1868	0.4890804598
1869	0.4890804598
1870	0.4893678161
1871	0.4893678161
1872	0.4893678161
1873	0.4893678161
1874	0.4893678161
1875	0.4893678161
1876	0.4893678161
1877	0.4893678161
1878	0.4893678161
1879	0.4893678161
1880	0.4893678161
1881	0.4893678161
1882	0.4893678161
1883	0.4893678161
1884	0.4893678161
1885	0.4896551724
1886	0.4896551724
1887	0.4896551724
1888	0.4896551724
1889	0.4896551724
1890	0.4896551724
1891	0.4899425287
1892	0.4896551724
1893	0.4896551724
1894	0.4896551724
1895	0.4896551724
1896	0.4896551724
1897	0.4896551724
1898	0.4899425287
1899	0.4893678161
1900	0.4893678161
1901	0.4893678161
1902	0.4896551724
1903	0.4893678161
1904	0.4905172414
1905	0.4908045977
1906	0.4908045977
1907	0.4908045977
1908	0.4908045977
1909	0.4908045977
1910	0.4908045977
1911	0.4905172414
1912	0.4905172414
1913	0.4908045977
1914	0.4908045977
1915	0.4908045977
1916	0.4908045977
1917	0.491091954
1918	0.491091954
1919	0.491091954
1920	0.4908045977
1921	0.491091954
1922	0.491091954
1923	0.491091954
1924	0.491091954
1925	0.491091954
1926	0.4908045977
1927	0.491091954
1928	0.491091954
1929	0.491091954
1930	0.491091954
1931	0.491091954
1932	0.4916666667
1933	0.4913793103
1934	0.4913793103
1935	0.491954023
1936	0.4922413793
1937	0.491954023
1938	0.491954023
1939	0.491954023
1940	0.491954023
1941	0.491954023
1942	0.491954023
1943	0.491954023
1944	0.491954023
1945	0.4922413793
1946	0.4922413793
1947	0.4922413793
1948	0.4922413793
1949	0.4922413793
1950	0.4922413793
1951	0.4922413793
1952	0.4922413793
1953	0.4922413793
1954	0.491954023
1955	0.491954023
1956	0.491954023
1957	0.491954023
1958	0.491954023
1959	0.4922413793
1960	0.4922413793
1961	0.4922413793
1962	0.4922413793
1963	0.4922413793
1964	0.4922413793
1965	0.4922413793
1966	0.4922413793
1967	0.4922413793
1968	0.4922413793
1969	0.491954023
1970	0.491954023
1971	0.4922413793
1972	0.491954023
1973	0.491954023
1974	0.491954023
1975	0.491954023
1976	0.4922413793
1977	0.4922413793
1978	0.4922413793
1979	0.4922413793
1980	0.4922413793
1981	0.4922413793
1982	0.4922413793
1983	0.491954023
1984	0.491954023
1985	0.4922413793
1986	0.4922413793
1987	0.4922413793
1988	0.4922413793
1989	0.4922413793
1990	0.4925287356
1991	0.4922413793
1992	0.4922413793
1993	0.4922413793
1994	0.4922413793
1995	0.4922413793
1996	0.4922413793
1997	0.4922413793
1998	0.4922413793
1999	0.4922413793
