iter	QuerySoftMax	AverageGain:top=1
0	4.599540487	0.0848736731
1	4.571174776	0.1438571095
2	4.546656007	0.1687828293
3	4.518976382	0.2047601802
4	4.505311885	0.2382924302
5	4.484575628	0.2485361002
6	4.455692807	0.273803998
7	4.429724111	0.273803998
8	4.408035675	0.3104948651
9	4.389220407	0.2984894506
10	4.369557429	0.3112687072
11	4.349715067	0.3168158924
12	4.324186782	0.3404554931
13	4.300812279	0.3741055421
14	4.276946711	0.3729916288
15	4.253289769	0.3729916288
16	4.244382968	0.3731487552
17	4.224897786	0.4092516881
18	4.205876713	0.4092516881
19	4.18909636	0.4025179762
20	4.169907153	0.4025179762
21	4.157392683	0.4025179762
22	4.136159565	0.4260852263
23	4.116999487	0.4260852263
24	4.097060627	0.4395306019
25	4.080627008	0.4395306019
26	4.069257295	0.449774272
27	4.053579386	0.449774272
28	4.039283884	0.449774272
29	4.027045218	0.4363288963
30	4.010326634	0.449774272
31	3.996419744	0.4681909059
32	3.982850865	0.4681909059
33	3.96330881	0.4701085379
34	3.947722397	0.4701085379
35	3.938565485	0.4701085379
36	3.921787292	0.516962365
37	3.902724186	0.516962365
38	3.886725861	0.516962365
39	3.872036402	0.5127648818
40	3.860698298	0.495248881
41	3.846486513	0.5355588298
42	3.820963871	0.5552222048
43	3.804108246	0.537706204
44	3.798059693	0.5486514707
45	3.791434471	0.5286126378
46	3.78327952	0.5286126378
47	3.767910552	0.5492525423
48	3.749931962	0.5492525423
49	3.735797359	0.5492525423
50	3.725574334	0.5540726385
51	3.714005399	0.5493896724
52	3.700958102	0.5493896724
53	3.687794389	0.5694285053
54	3.668766749	0.6153241391
55	3.655939908	0.6319024945
56	3.649360408	0.6319024945
57	3.63947964	0.6083352444
58	3.625061603	0.6083352444
59	3.606019251	0.6083352444
60	3.593562303	0.6083352444
61	3.578591441	0.5855412964
62	3.567300996	0.5855412964
63	3.55037507	0.589001804
64	3.540263538	0.589001804
65	3.532635717	0.5896958696
66	3.519063777	0.5970602221
67	3.508842816	0.5996772378
68	3.504227432	0.5996772378
69	3.492115279	0.6252169078
70	3.483404666	0.6252169078
71	3.470838145	0.6454871388
72	3.463342623	0.6454871388
73	3.449025568	0.6256479537
74	3.442029014	0.6256479537
75	3.424766591	0.6256479537
76	3.41307033	0.6256479537
77	3.400167914	0.6182836012
78	3.386904278	0.6182836012
79	3.370036432	0.6236142203
80	3.362628593	0.6236142203
81	3.351768749	0.6236142203
82	3.334000483	0.6033439893
83	3.323750628	0.6033439893
84	3.312841916	0.6033439893
85	3.295519743	0.6288714609
86	3.285166788	0.6158362453
87	3.280521403	0.6158362453
88	3.275251058	0.6158362453
89	3.265326968	0.6158362453
90	3.26187282	0.6232005979
91	3.249847889	0.6459945459
92	3.245127236	0.6459945459
93	3.239692779	0.6459945459
94	3.234736565	0.6459945459
95	3.229689839	0.6459945459
96	3.219858289	0.6459945459
97	3.20555619	0.6459945459
98	3.194643	0.6459945459
99	3.194450465	0.6459945459
100	3.183401868	0.6590297614
101	3.175120104	0.6459945459
102	3.169110725	0.6459945459
103	3.159194025	0.6459945459
104	3.149662433	0.6386301934
105	3.143400003	0.6516654089
106	3.141573047	0.6516654089
107	3.127120167	0.6516654089
108	3.111548356	0.6516654089
109	3.099059216	0.6569052984
110	3.08541623	0.6569052984
111	3.079914308	0.6569052984
112	3.071368179	0.6569052984
113	3.062374474	0.6569052984
114	3.047276056	0.6516654089
115	3.044590714	0.6516654089
116	3.036954346	0.6516654089
117	3.029041664	0.6516654089
118	3.021480691	0.6516654089
119	3.0095947	0.6752326591
120	2.989709577	0.6927486599
121	2.977548494	0.6927486599
122	2.970651739	0.6927486599
123	2.959001859	0.6979885494
124	2.947849912	0.6979885494
125	2.940040251	0.6979885494
126	2.927552737	0.6979885494
127	2.917243212	0.6979885494
128	2.905405431	0.6979885494
129	2.891927777	0.6979885494
130	2.883697434	0.6979885494
131	2.871735583	0.6979885494
132	2.863116594	0.6979885494
133	2.85557331	0.7256231329
134	2.84837258	0.7256231329
135	2.837163407	0.7256231329
136	2.825801447	0.7413456682
137	2.819065588	0.7413456682
138	2.814921732	0.7413456682
139	2.80512774	0.7413456682
140	2.793577525	0.7413456682
141	2.781437473	0.7413456682
142	2.768158775	0.7413456682
143	2.757547235	0.7413456682
144	2.747218398	0.7448125903
145	2.738792943	0.7646517754
146	2.730447391	0.7646517754
147	2.725391649	0.7646517754
148	2.7147124	0.7646517754
149	2.699312387	0.7646517754
150	2.69093148	0.7646517754
151	2.682249491	0.7801364941
152	2.671708535	0.7801364941
153	2.662797945	0.7801364941
154	2.656944849	0.7801364941
155	2.644751685	0.7801364941
156	2.638502829	0.7801364941
157	2.632835626	0.7801364941
158	2.629340818	0.7801364941
159	2.621100657	0.7801364941
160	2.61643284	0.7801364941
161	2.605036534	0.7801364941
162	2.598178403	0.7801364941
163	2.586429191	0.7801364941
164	2.57412857	0.7801364941
165	2.567660346	0.7801364941
166	2.543462765	0.7801364941
167	2.534145525	0.7801364941
168	2.526291393	0.7801364941
169	2.513318684	0.7801364941
170	2.508298925	0.7801364941
171	2.502463522	0.7801364941
172	2.495027025	0.7850884705
173	2.486973507	0.7850884705
174	2.471020936	0.8021307754
175	2.458615496	0.8021307754
176	2.455787484	0.8021307754
177	2.448452326	0.8021307754
178	2.441714314	0.8021307754
179	2.430761803	0.8021307754
180	2.423517758	0.7901759426
181	2.42122862	0.7901759426
182	2.412396851	0.7901759426
183	2.407133846	0.7901759426
184	2.397699154	0.7901759426
185	2.393837763	0.7901759426
186	2.383684901	0.7901759426
187	2.372423516	0.7852239663
188	2.364516783	0.7921217338
189	2.357842722	0.8040765666
190	2.348362783	0.8040765666
191	2.338407345	0.826165431
192	2.329928316	0.826165431
193	2.321196705	0.826165431
194	2.313503181	0.826165431
195	2.310862849	0.826165431
196	2.300796681	0.826165431
197	2.297802112	0.826165431
198	2.289975444	0.8311174073
199	2.28588489	0.8311174073
200	2.272733124	0.8311174073
201	2.264509848	0.8311174073
202	2.251329136	0.8311174073
203	2.246984708	0.8311174073
204	2.238173342	0.826165431
205	2.230066814	0.826165431
206	2.219182532	0.826165431
207	2.210852523	0.826165431
208	2.199124593	0.826165431
209	2.194182207	0.826165431
210	2.186268118	0.826165431
211	2.180188214	0.826165431
212	2.174299366	0.826165431
213	2.169122315	0.8317351031
214	2.161735067	0.8317351031
215	2.153562279	0.8317351031
216	2.14693103	0.8317351031
217	2.141105102	0.8317351031
218	2.134955807	0.8317351031
219	2.125467724	0.8317351031
220	2.113764693	0.8545131902
221	2.107535853	0.8545131902
222	2.102081592	0.8545131902
223	2.100018551	0.8545131902
224	2.09256017	0.8545131902
225	2.08107293	0.8545131902
226	2.068235983	0.8545131902
227	2.056336643	0.8545131902
228	2.049861469	0.8545131902
229	2.042557564	0.8545131902
230	2.035931556	0.8545131902
231	2.025004554	0.8545131902
232	2.022613893	0.8545131902
233	2.019419548	0.8545131902
234	2.013000749	0.8545131902
235	2.007031117	0.8545131902
236	2.00270362	0.8545131902
237	1.994789318	0.8545131902
238	1.992402699	0.8545131902
239	1.986954331	0.8545131902
240	1.982624698	0.8545131902
241	1.971712184	0.8575093672
242	1.968374802	0.8575093672
243	1.960680624	0.8575093672
244	1.953354351	0.8575093672
245	1.944974518	0.8575093672
246	1.938407887	0.8575093672
247	1.92358927	0.871551263
248	1.915298302	0.871551263
249	1.909563536	0.871551263
250	1.901840859	0.871551263
251	1.896117279	0.871551263
252	1.881198107	0.871551263
253	1.874511185	0.8750825299
254	1.866787751	0.8800345063
255	1.860473773	0.8800345063
256	1.858815684	0.8800345063
257	1.851811092	0.8800345063
258	1.841806411	0.8800345063
259	1.836268235	0.8800345063
260	1.826958838	0.8800345063
261	1.820512851	0.8800345063
262	1.81441665	0.8800345063
263	1.81271431	0.886443243
264	1.802306867	0.882911976
265	1.800260077	0.882911976
266	1.797651565	0.882911976
267	1.790171941	0.886443243
268	1.780601863	0.882296122
269	1.774516953	0.882296122
270	1.767428192	0.882296122
271	1.764364305	0.882296122
272	1.753683245	0.882296122
273	1.750220596	0.882296122
274	1.735278949	0.882296122
275	1.728434916	0.882296122
276	1.7235529	0.882296122
277	1.721104974	0.882296122
278	1.716672075	0.882296122
279	1.711329694	0.882296122
280	1.707859387	0.8858075983
281	1.705407912	0.8858075983
282	1.697483262	0.8858075983
283	1.694312225	0.8858075983
284	1.688026573	0.8858075983
285	1.680021344	0.8858075983
286	1.675336605	0.8858075983
287	1.671261966	0.8858075983
288	1.667822761	0.8858075983
289	1.6608173	0.8858075983
290	1.656380703	0.8858075983
291	1.652573681	0.8858075983
292	1.643502212	0.8858075983
293	1.638443941	0.8858075983
294	1.635399706	0.8858075983
295	1.633689133	0.8858075983
296	1.625463338	0.8858075983
297	1.619883006	0.8858075983
298	1.613335389	0.8858075983
299	1.60612357	0.8897213731
300	1.600922767	0.8897213731
301	1.59452006	0.8897213731
302	1.589507605	0.8897213731
303	1.585446409	0.8897213731
304	1.58277541	0.8897213731
305	1.576915207	0.8897213731
306	1.571120269	0.8897213731
307	1.562777074	0.8897213731
308	1.558092746	0.8897213731
309	1.554559084	0.8897213731
310	1.548566594	0.8897213731
311	1.544220459	0.8897213731
312	1.543174344	0.8897213731
313	1.536181477	0.8897213731
314	1.531319615	0.8897213731
315	1.525414888	0.8897213731
316	1.522535086	0.8897213731
317	1.518424971	0.8897213731
318	1.50687566	0.8949753073
319	1.500086665	0.8949753073
320	1.498451843	0.8949753073
321	1.493331448	0.8949753073
322	1.48781352	0.8949753073
323	1.482031172	0.8949753073
324	1.475251138	0.8949753073
325	1.47249271	0.8949753073
326	1.465173597	0.8949753073
327	1.46069996	0.8949753073
328	1.453112693	0.8949753073
329	1.44500828	0.8949753073
330	1.439125434	0.8949753073
331	1.428478475	0.8949753073
332	1.423488405	0.8949753073
333	1.419447086	0.8949753073
334	1.415105992	0.8949753073
335	1.412141233	0.8949753073
336	1.407634384	0.8949753073
337	1.402971958	0.8949753073
338	1.398883801	0.8949753073
339	1.395351761	0.8949753073
340	1.392303414	0.8949753073
341	1.389298878	0.8949753073
342	1.385898691	0.8949753073
343	1.380553931	0.8949753073
344	1.376709359	0.8949753073
345	1.371787312	0.8949753073
346	1.365541624	0.8949753073
347	1.359037238	0.8949753073
348	1.352751718	0.8949753073
349	1.347705887	0.8949753073
350	1.344969416	0.8949753073
351	1.341835032	0.8949753073
352	1.338695099	0.8949753073
353	1.333850214	0.8949753073
354	1.330715004	0.8949753073
355	1.319796632	0.8949753073
356	1.316711201	0.8949753073
357	1.31465606	0.8949753073
358	1.313553837	0.8949753073
359	1.304684502	0.8949753073
360	1.295974043	0.9156832962
361	1.28579137	0.9156832962
362	1.282502438	0.9156832962
363	1.279985355	0.9156832962
364	1.273802333	0.9156832962
365	1.265559025	0.9156832962
366	1.258318317	0.9156832962
367	1.253606462	0.9156832962
368	1.250709581	0.9156832962
369	1.2478255	0.9156832962
370	1.24511087	0.9156832962
371	1.236397775	0.9156832962
372	1.233600577	0.9156832962
373	1.225136385	0.9156832962
374	1.222708672	0.9156832962
375	1.218998318	0.9156832962
376	1.218175315	0.9156832962
377	1.213522929	0.9156832962
378	1.204762258	0.9156832962
379	1.19631381	0.9156832962
380	1.194723005	0.9156832962
381	1.187520366	0.9156832962
382	1.183177558	0.9156832962
383	1.179259813	0.9156832962
384	1.171489821	0.9156832962
385	1.16815035	0.9156832962
386	1.166930213	0.9156832962
387	1.156709119	0.9156832962
388	1.147284039	0.9156832962
389	1.143833573	0.9156832962
390	1.139728265	0.9156832962
391	1.133896364	0.9212529683
392	1.128255138	0.9212529683
393	1.125717895	0.9212529683
394	1.120183565	0.9212529683
395	1.117827474	0.9263085299
396	1.115716876	0.9263085299
397	1.108302882	0.9263085299
398	1.103705877	0.9212529683
399	1.101323581	0.9212529683
400	1.097980882	0.9212529683
401	1.094976319	0.9212529683
402	1.093425708	0.9212529683
403	1.092308433	0.9212529683
404	1.086090517	0.9212529683
405	1.08267572	0.9212529683
406	1.076795721	0.9212529683
407	1.073555456	0.9212529683
408	1.070996462	0.9212529683
409	1.068703834	0.9212529683
410	1.065491513	0.9212529683
411	1.06163455	0.9212529683
412	1.057897528	0.9212529683
413	1.056490366	0.9212529683
414	1.053268185	0.9212529683
415	1.052221889	0.9212529683
416	1.049194975	0.9212529683
417	1.046704444	0.9212529683
418	1.041975045	0.9212529683
419	1.039078055	0.9212529683
420	1.038310809	0.9212529683
421	1.034763406	0.9212529683
422	1.029373243	0.9212529683
423	1.024634616	0.9212529683
424	1.022616907	0.9212529683
425	1.018487866	0.9212529683
426	1.015613653	0.9212529683
427	1.014837646	0.9212529683
428	1.011539172	0.9212529683
429	1.007229761	0.9212529683
430	1.00543655	0.9212529683
431	1.004219033	0.9212529683
432	1.001510727	0.9212529683
433	0.9948418744	0.9212529683
434	0.9878683258	0.9212529683
435	0.9841428026	0.9212529683
436	0.9794928697	0.9212529683
437	0.9787344717	0.9212529683
438	0.9759076118	0.9212529683
439	0.9739170485	0.9212529683
440	0.9717677128	0.9212529683
441	0.9673436441	0.9212529683
442	0.9640071346	0.9212529683
443	0.9563196639	0.9212529683
444	0.9490399152	0.9231081957
445	0.9462249269	0.9231081957
446	0.9448053107	0.9231081957
447	0.9407563746	0.9231081957
448	0.9392840976	0.9231081957
449	0.9358333951	0.9231081957
450	0.9341404522	0.9231081957
451	0.9318128917	0.9231081957
452	0.9290747532	0.9231081957
453	0.9229901177	0.9231081957
454	0.9210935919	0.9231081957
455	0.9168706506	0.9231081957
456	0.9139549112	0.9231081957
457	0.9090276802	0.9231081957
458	0.9067768465	0.9231081957
459	0.9032885664	0.9231081957
460	0.8978038936	0.9231081957
461	0.8963616287	0.9231081957
462	0.8934606143	0.9231081957
463	0.8920743035	0.9231081957
464	0.8863746988	0.9302211452
465	0.8842108991	0.9302211452
466	0.8825930913	0.9302211452
467	0.8759053178	0.9302211452
468	0.8751194041	0.9302211452
469	0.8735947046	0.9302211452
470	0.8735624076	0.9302211452
471	0.8718938707	0.9302211452
472	0.8667186767	0.9302211452
473	0.8641474679	0.9302211452
474	0.8629766712	0.9302211452
475	0.8604561848	0.9302211452
476	0.8566056365	0.9302211452
477	0.8526762436	0.9302211452
478	0.8493843756	0.9302211452
479	0.8446203181	0.9352767067
480	0.8409551136	0.9352767067
481	0.8381500335	0.9352767067
482	0.8366073421	0.9352767067
483	0.8324859066	0.9352767067
484	0.8310256581	0.9352767067
485	0.827915417	0.9352767067
486	0.8239970921	0.9352767067
487	0.8222373948	0.9352767067
488	0.8172278545	0.9454634915
489	0.8120755372	0.9454634915
490	0.8095745981	0.9454634915
491	0.8091436739	0.9454634915
492	0.8069972766	0.9454634915
493	0.8027501666	0.9454634915
494	0.7985681642	0.9454634915
495	0.7949316764	0.9454634915
496	0.7915735272	0.9454634915
497	0.7870425387	0.9454634915
498	0.7854472523	0.9454634915
499	0.7831108239	0.9454634915
500	0.7804116769	0.9454634915
501	0.7777942869	0.9454634915
502	0.7752201893	0.9454634915
503	0.7722102099	0.9454634915
504	0.7704021244	0.9454634915
505	0.7695509781	0.9454634915
506	0.7687488648	0.9454634915
507	0.7663191222	0.9454634915
508	0.7629741283	0.9454634915
509	0.7595238738	0.9454634915
510	0.7557361829	0.9454634915
511	0.7508725662	0.9454634915
512	0.7475719418	0.9454634915
513	0.7470459534	0.9454634915
514	0.7452371115	0.9454634915
515	0.7444633815	0.9454634915
516	0.7430216693	0.9454634915
517	0.7365425673	0.9454634915
518	0.7328503993	0.9454634915
519	0.7312947597	0.9454634915
520	0.7287085753	0.9454634915
521	0.7265537324	0.9454634915
522	0.7236240218	0.9454634915
523	0.7225730113	0.9454634915
524	0.7173038107	0.9454634915
525	0.715769164	0.9454634915
526	0.7140490106	0.9454634915
527	0.7126865764	0.9454634915
528	0.70969205	0.9574373562
529	0.7090417008	0.9574373562
530	0.7043064617	0.9574373562
531	0.7028679093	0.9574373562
532	0.7004393294	0.9574373562
533	0.6958582719	0.9574373562
534	0.6936450142	0.9574373562
535	0.6918256456	0.9574373562
536	0.6897835295	0.9574373562
537	0.6880041231	0.9574373562
538	0.68650603	0.9574373562
539	0.6832024299	0.9574373562
540	0.6821304118	0.9574373562
541	0.68136453	0.9574373562
542	0.6761118236	0.9574373562
543	0.6744135834	0.9574373562
544	0.6706190142	0.9574373562
545	0.6682886761	0.9574373562
546	0.6682644164	0.9574373562
547	0.6669545164	0.9574373562
548	0.6663790619	0.9574373562
549	0.6639115144	0.9574373562
550	0.6620563778	0.9574373562
551	0.6601164914	0.9574373562
552	0.657876193	0.9574373562
553	0.656574572	0.9574373562
554	0.6544583902	0.9574373562
555	0.6534754587	0.9574373562
556	0.6528660687	0.9574373562
557	0.6516533373	0.9574373562
558	0.6493913192	0.9574373562
559	0.6458730143	0.9716341288
560	0.6412273414	0.9716341288
561	0.6359240467	0.9716341288
562	0.6355592531	0.9716341288
563	0.6334992443	0.9716341288
564	0.6295370971	0.9716341288
565	0.625982671	0.9716341288
566	0.6214925366	0.9716341288
567	0.6189764385	0.9716341288
568	0.6184993174	0.9716341288
569	0.6180939392	0.9716341288
570	0.6147251377	0.9716341288
571	0.613554125	0.9716341288
572	0.6101677754	0.9716341288
573	0.6090529375	0.9716341288
574	0.6061022853	0.9716341288
575	0.6040822294	0.9716341288
576	0.6036059853	0.9716341288
577	0.602384578	0.9716341288
578	0.6009327774	0.9716341288
579	0.5967614097	0.9716341288
580	0.59499269	0.9716341288
581	0.5949742065	0.9716341288
582	0.5934980196	0.9716341288
583	0.5922461012	0.9716341288
584	0.591635928	0.9716341288
585	0.590187787	0.9716341288
586	0.588628639	0.9716341288
587	0.5847829595	0.9716341288
588	0.5841349494	0.9716341288
589	0.5833361989	0.9716341288
590	0.5830057931	0.9716341288
591	0.5807979191	0.9716341288
592	0.5807816121	0.9716341288
593	0.5787308917	0.9716341288
594	0.5777566475	0.9716341288
595	0.5762390449	0.9716341288
596	0.5754630661	0.9716341288
597	0.5734852947	0.9716341288
598	0.5726203129	0.9716341288
599	0.5721419728	0.9716341288
600	0.5708034685	0.9716341288
601	0.5696518583	0.9716341288
602	0.568687574	0.9716341288
603	0.5641371463	0.9716341288
604	0.5618139667	0.9716341288
605	0.5602883372	0.9716341288
606	0.5594225747	0.9716341288
607	0.5579711654	0.9716341288
608	0.5545545873	0.9716341288
609	0.5516163516	0.9716341288
610	0.5495394385	0.9716341288
611	0.5486142045	0.9716341288
612	0.5467408045	0.9716341288
613	0.5460286896	0.9716341288
614	0.5426443159	0.9716341288
615	0.5418892266	0.9716341288
616	0.5401214125	0.9716341288
617	0.5388511617	0.9716341288
618	0.5359795137	0.9716341288
619	0.5330322287	0.9716341288
620	0.5320243191	0.9716341288
621	0.5287027824	0.9716341288
622	0.528271352	0.9716341288
623	0.5280146793	0.9716341288
624	0.5248662223	0.9716341288
625	0.524475083	0.9716341288
626	0.5233030893	0.9725876291
627	0.5200338298	0.9725876291
628	0.5185959485	0.9725876291
629	0.5140109208	0.9725876291
630	0.5122412503	0.9725876291
631	0.5114398277	0.9725876291
632	0.5097366548	0.9725876291
633	0.5062302998	0.9725876291
634	0.5033811099	0.9725876291
635	0.5022988582	0.9725876291
636	0.5018387493	0.9725876291
637	0.5007874098	0.9725876291
638	0.4987940045	0.9725876291
639	0.4976708425	0.9725876291
640	0.4948971584	0.9725876291
641	0.4927155119	0.9725876291
642	0.4893554223	0.9725876291
643	0.4890682972	0.9725876291
644	0.4876415337	0.9725876291
645	0.4865369749	0.9725876291
646	0.4854223626	0.9725876291
647	0.48261055	0.9725876291
648	0.4812267609	0.9725876291
649	0.4794756702	0.9725876291
650	0.4789933132	0.9725876291
651	0.4782494201	0.9725876291
652	0.4745347208	0.9725876291
653	0.4733558866	0.9725876291
654	0.4706157874	0.9725876291
655	0.4699368979	0.9725876291
656	0.4664763416	0.9853756006
657	0.4659717869	0.9853756006
658	0.4641325309	0.9853756006
659	0.460875803	0.9853756006
660	0.4583884413	0.9853756006
661	0.4573855084	0.9853756006
662	0.455879818	0.9853756006
663	0.4534232506	0.9853756006
664	0.4519192423	0.9853756006
665	0.4494011467	0.9853756006
666	0.4483609659	0.9853756006
667	0.4468111245	0.9853756006
668	0.4454369251	0.9853756006
669	0.4443148569	0.9853756006
670	0.4440746053	0.9853756006
671	0.441858054	0.9853756006
672	0.439526045	0.9853756006
673	0.4363165116	0.9853756006
674	0.4344511558	0.9853756006
675	0.4342700632	0.9853756006
676	0.4310857719	0.985936743
677	0.4305579785	0.985936743
678	0.4261724102	0.9853756006
679	0.4258103483	0.9853756006
680	0.425497779	0.9853756006
681	0.4253210996	0.9853756006
682	0.4238936566	0.985936743
683	0.4236559988	0.9853756006
684	0.4230492983	0.9853756006
685	0.4210610791	0.9853756006
686	0.4207652847	0.9853756006
687	0.4179360702	0.9853756006
688	0.414594989	0.9853756006
689	0.4140996744	0.9853756006
690	0.4120111912	0.9853756006
691	0.4102842557	0.9853756006
692	0.407817311	0.9853756006
693	0.4068134781	0.9853756006
694	0.404877681	0.9853756006
695	0.4044675114	0.9853756006
696	0.4015620302	0.9853756006
697	0.3987832907	0.985936743
698	0.3975010947	0.985936743
699	0.3947367325	0.985936743
700	0.392928464	0.985936743
701	0.3918823181	0.985936743
702	0.3892073364	0.985936743
703	0.3889024432	0.985936743
704	0.3876233357	0.985936743
705	0.3874841069	0.985936743
706	0.3849710366	0.985936743
707	0.3841312152	0.985936743
708	0.3836425202	0.985936743
709	0.3827087274	0.985936743
710	0.3803761043	0.985936743
711	0.3787700995	0.985936743
712	0.3777041601	0.985936743
713	0.3761667818	0.985936743
714	0.374172311	0.985936743
715	0.3733418887	0.985936743
716	0.3707542321	0.985936743
717	0.370223115	0.985936743
718	0.3697276907	0.985936743
719	0.3687390658	0.985936743
720	0.367999184	0.985936743
721	0.3673245862	0.985936743
722	0.3650190195	0.985936743
723	0.3641918237	0.985936743
724	0.3633988871	0.985936743
725	0.3614110673	0.985936743
726	0.3606078544	0.985936743
727	0.3588768265	0.985936743
728	0.3584353568	0.985936743
729	0.3567356959	0.985936743
730	0.3562540904	0.985936743
731	0.3555217044	0.985936743
732	0.354997096	0.985936743
733	0.3537102978	0.985936743
734	0.3528009487	0.985936743
735	0.3518208485	0.985936743
736	0.3516371045	0.985936743
737	0.3494390684	0.985936743
738	0.347042385	0.985936743
739	0.3450794449	0.985936743
740	0.3443951127	0.985936743
741	0.34377154	0.985936743
742	0.3417433169	0.985936743
743	0.3407594105	0.985936743
744	0.3398042806	0.985936743
745	0.3379231711	0.985936743
746	0.3375898794	0.985936743
747	0.3370149824	0.985936743
748	0.3358616102	0.985936743
749	0.3352997593	0.985936743
750	0.3342072546	0.985936743
751	0.3325678173	0.985936743
752	0.3306323575	0.985936743
753	0.3288283439	0.985936743
754	0.3271736059	0.985936743
755	0.326476519	0.985936743
756	0.3262189875	0.985936743
757	0.3252929749	0.985936743
758	0.3241904076	0.985936743
759	0.323911792	0.985936743
760	0.3234833775	0.985936743
761	0.3217249343	0.985936743
762	0.3213392066	0.985936743
763	0.3205464127	0.985936743
764	0.320327195	0.985936743
765	0.3186617002	0.985936743
766	0.3179764454	0.985936743
767	0.3172976405	0.985936743
768	0.3157397895	0.985936743
769	0.3150679867	0.985936743
770	0.3142776207	0.985936743
771	0.3136189885	0.985936743
772	0.3130343737	0.985936743
773	0.3113080183	0.985936743
774	0.3105278628	0.985936743
775	0.3091119051	0.985936743
776	0.3077549255	0.985936743
777	0.3074040045	0.985936743
778	0.3059595228	0.985936743
779	0.305142306	0.985936743
780	0.3038869744	0.985936743
781	0.3028223184	0.985936743
782	0.3011648785	0.985936743
783	0.2975299314	0.985936743
784	0.2969800289	0.985936743
785	0.2954055921	0.985936743
786	0.2939112704	0.985936743
787	0.2931847033	0.985936743
788	0.2919945913	0.985936743
789	0.2913523668	0.985936743
790	0.2910603239	0.985936743
791	0.2904925947	0.985936743
792	0.2901450518	0.985936743
793	0.2900014714	0.985936743
794	0.2886183803	0.985936743
795	0.2872947244	0.985936743
796	0.2862137015	0.985936743
797	0.2855667246	0.985936743
798	0.2850145013	0.985936743
799	0.2845020759	0.985936743
800	0.283853319	0.985936743
801	0.2825830465	0.985936743
802	0.2824942401	0.985936743
803	0.2822210028	0.985936743
804	0.2811444628	0.985936743
805	0.2809933297	0.985936743
806	0.2808604467	0.985936743
807	0.2807931817	0.985936743
808	0.2803012009	0.985936743
809	0.2793929588	0.985936743
810	0.2768651498	0.985936743
811	0.2761518618	0.985936743
812	0.2748070036	0.985936743
813	0.2742550948	0.985936743
814	0.2741163953	0.985936743
815	0.2736924305	0.985936743
816	0.273249426	0.985936743
817	0.2727913081	0.985936743
818	0.27232483	0.985936743
819	0.2723191202	0.985936743
820	0.2718023808	0.985936743
821	0.2712846482	0.985936743
822	0.2707770609	0.985936743
823	0.2698831519	0.985936743
824	0.2686985766	0.985936743
825	0.2683607385	0.985936743
826	0.2658888916	0.985936743
827	0.2656345519	0.985936743
828	0.2651622397	0.985936743
829	0.2642468818	0.985936743
830	0.264022292	0.985936743
831	0.2636175647	0.985936743
832	0.2613139409	0.9924024565
833	0.2609831759	0.9924024565
834	0.2608772655	0.9924024565
835	0.2603919906	0.9924024565
836	0.259123533	0.9924024565
837	0.258758464	0.9924024565
838	0.2575727655	0.9924024565
839	0.2574420996	0.9924024565
840	0.2569318002	0.9924024565
841	0.255922098	0.9924024565
842	0.2556845546	0.9924024565
843	0.2549591686	0.9924024565
844	0.2547072695	0.9924024565
845	0.2546254271	0.9924024565
846	0.2520460139	0.9924024565
847	0.2515332083	0.9924024565
848	0.2512045416	0.9924024565
849	0.2509381884	0.9924024565
850	0.2498048005	0.9924024565
851	0.2488279204	0.9924024565
852	0.2469823758	0.9924024565
853	0.2468782762	0.9924024565
854	0.2464218475	0.9924024565
855	0.2460027036	0.9924024565
856	0.2442629661	0.9924024565
857	0.2427638445	0.9924024565
858	0.2426316909	0.9924024565
859	0.242097386	0.9924024565
860	0.2416397303	0.9924024565
861	0.2413430764	0.9924024565
862	0.2405556736	0.9924024565
863	0.2395641083	0.9924024565
864	0.2385171413	0.9924024565
865	0.2376987833	0.9924024565
866	0.2367353922	0.9924024565
867	0.2360588492	0.9924024565
868	0.2358054727	0.9924024565
869	0.2351556822	0.9924024565
870	0.2349956707	0.9924024565
871	0.234531098	0.9924024565
872	0.2335656788	0.9924024565
873	0.2334114072	0.9924024565
874	0.2330538344	0.9924024565
875	0.2325064837	0.9924024565
876	0.2308070118	0.9924024565
877	0.23017977	0.9924024565
878	0.2297365415	0.9924024565
879	0.2294230743	0.9924024565
880	0.2284845836	0.9924024565
881	0.2279523947	0.9924024565
882	0.2277729012	0.9924024565
883	0.2267216644	0.9924024565
884	0.2257635053	0.9924024565
885	0.2253761465	0.9924024565
886	0.2251997108	0.9924024565
887	0.2250506338	0.9924024565
888	0.2249630561	0.9924024565
889	0.2246085266	0.9924024565
890	0.2241497593	0.9924024565
891	0.2226271698	0.9924024565
892	0.2223870297	0.9924024565
893	0.2218592607	0.9924024565
894	0.2215499495	0.9924024565
895	0.2210917579	0.9924024565
896	0.2209247852	0.9924024565
897	0.2205166494	0.9924024565
898	0.2193153598	0.9924024565
899	0.2189987653	0.9924024565
900	0.2179682769	0.9924024565
901	0.2166037702	0.9924024565
902	0.2161945559	0.9924024565
903	0.2159681682	0.9924024565
904	0.2155614095	0.9924024565
905	0.2143338204	0.9924024565
906	0.2141898818	0.9924024565
907	0.2133714526	0.9924024565
908	0.2125842161	0.9924024565
909	0.2118305993	0.9924024565
910	0.2117111119	0.9924024565
911	0.2113072954	0.9924024565
912	0.2109677249	0.9924024565
913	0.2109641461	0.9924024565
914	0.2105554059	0.9924024565
915	0.2104058916	0.9924024565
916	0.2101586481	0.9924024565
917	0.2097755587	0.9924024565
918	0.20899348	0.9924024565
919	0.2088163516	0.9924024565
920	0.2081525226	0.9924024565
921	0.2075238436	0.9924024565
922	0.2073264961	0.9924024565
923	0.2071747681	0.9924024565
924	0.2066276876	0.9924024565
925	0.205326654	0.9924024565
926	0.2051374573	0.9924024565
927	0.2043930948	0.9924024565
928	0.2042092374	0.9924024565
929	0.2033857899	0.9924024565
930	0.2025345414	0.9924024565
931	0.2023616836	0.9924024565
932	0.2022583914	0.9924024565
933	0.2017866544	0.9924024565
934	0.2016964664	0.9924024565
935	0.2010679365	0.9924024565
936	0.2004872708	0.9924024565
937	0.1992656648	0.9924024565
938	0.1991163931	0.9924024565
939	0.1979113119	0.9924024565
940	0.1978020608	0.9924024565
941	0.1975416141	0.9924024565
942	0.1967523144	0.9924024565
943	0.1958171191	0.9924024565
944	0.1949203872	0.9924024565
945	0.1940432377	0.9924024565
946	0.193622935	0.9924024565
947	0.1929647324	0.9924024565
948	0.1921336619	0.9924024565
949	0.1914172658	0.9924024565
950	0.1906111517	0.9924024565
951	0.1905648379	0.9924024565
952	0.1902279635	0.9924024565
953	0.18983685	0.9924024565
954	0.1896101082	0.9924024565
955	0.1877085604	0.9924024565
956	0.1872942238	0.9924024565
957	0.187184902	0.9924024565
958	0.1870252474	0.9924024565
959	0.1869318649	0.9924024565
960	0.185829131	0.9924024565
961	0.1855186469	0.9924024565
962	0.1842050532	0.9924024565
963	0.1839684214	0.9924024565
964	0.1832567466	0.9971227521
965	0.1831667015	0.9971227521
966	0.1831135862	0.9971227521
967	0.1829063946	0.9971227521
968	0.1826035146	0.9971227521
969	0.1825071937	0.9971227521
970	0.1815419091	0.9971227521
971	0.1807972378	0.9971227521
972	0.1802194068	0.9971227521
973	0.1799645735	0.9971227521
974	0.1796007251	0.9971227521
975	0.1791311134	0.9971227521
976	0.1790862832	0.9971227521
977	0.1784916569	0.9971227521
978	0.177395414	0.9971227521
979	0.1771066946	0.9971227521
980	0.1764315587	0.9971227521
981	0.1756964277	0.9971227521
982	0.17506663	0.9971227521
983	0.1746204711	0.9971227521
984	0.1736046901	0.9971227521
985	0.1728197583	0.9971227521
986	0.1727053928	0.9971227521
987	0.1724542279	0.9971227521
988	0.1718909982	0.9971227521
989	0.1716423012	0.9971227521
990	0.1715077723	0.9971227521
991	0.1711034755	0.9971227521
992	0.1706539549	0.9971227521
993	0.1700502277	0.9971227521
994	0.169921948	0.9971227521
995	0.1698846763	0.9971227521
996	0.1697834643	0.9971227521
997	0.1694221513	0.9971227521
998	0.1693259217	0.9971227521
999	0.1689867966	0.9971227521
1000	0.1689282359	0.9971227521
1001	0.1674850759	0.9971227521
1002	0.1673910105	0.9971227521
1003	0.1663247119	0.9971227521
1004	0.1661332517	0.9971227521
1005	0.1659903051	0.9971227521
1006	0.1658111487	0.9971227521
1007	0.1651896887	0.9971227521
1008	0.164995969	0.9971227521
1009	0.1644433978	0.9971227521
1010	0.1638513201	0.9971227521
1011	0.1636922057	0.9971227521
1012	0.1631355194	0.9971227521
1013	0.1624411693	0.9971227521
1014	0.1616318646	0.9971227521
1015	0.1615446678	0.9971227521
1016	0.1614048556	0.9971227521
1017	0.1606344646	0.9971227521
1018	0.1604095413	0.9971227521
1019	0.1601404707	0.9971227521
1020	0.1595439493	0.9971227521
1021	0.1594404437	0.9971227521
1022	0.1581759425	0.9971227521
1023	0.1575910992	0.9971227521
1024	0.1568743188	0.9971227521
1025	0.1567708504	0.9971227521
1026	0.1566972086	0.9971227521
1027	0.1565794265	0.9971227521
1028	0.1564986265	0.9971227521
1029	0.1563372124	0.9971227521
1030	0.155569091	0.9971227521
1031	0.1550469779	0.9971227521
1032	0.1548749907	0.9971227521
1033	0.1545866692	0.9971227521
1034	0.154584494	0.9971227521
1035	0.1528204982	0.9971227521
1036	0.1526486927	0.9971227521
1037	0.1524327119	0.9971227521
1038	0.1520890951	0.9971227521
1039	0.1519812174	0.9971227521
1040	0.1518411455	0.9971227521
1041	0.1513168614	0.9971227521
1042	0.1512676473	0.9971227521
1043	0.1509876133	0.9971227521
1044	0.1509165281	0.9971227521
1045	0.150808495	0.9971227521
1046	0.1505706743	0.9971227521
1047	0.1504346626	0.9971227521
1048	0.1497208022	0.9971227521
1049	0.1494358793	0.9971227521
1050	0.1490085244	0.9971227521
1051	0.148558632	0.9971227521
1052	0.1484880146	0.9971227521
1053	0.148357253	0.9971227521
1054	0.1481458015	0.9971227521
1055	0.1479726809	0.9971227521
1056	0.1474057948	0.9971227521
1057	0.1467498572	0.9971227521
1058	0.1464807999	0.9971227521
1059	0.1461770487	0.9971227521
1060	0.1459320357	0.9971227521
1061	0.1454020537	0.9971227521
1062	0.1449109407	0.9971227521
1063	0.1447240873	0.9971227521
1064	0.1444766202	0.9971227521
1065	0.1444012774	0.9971227521
1066	0.1439762061	0.9971227521
1067	0.1433950213	0.9971227521
1068	0.1433509329	0.9971227521
1069	0.143103182	0.9971227521
1070	0.1429447402	0.9971227521
1071	0.1428596248	0.9971227521
1072	0.1424682077	0.9971227521
1073	0.1422526553	0.9971227521
1074	0.1409910925	0.9971227521
1075	0.14090777	0.9971227521
1076	0.1405158958	0.9971227521
1077	0.140321235	0.9971227521
1078	0.1396361179	0.9971227521
1079	0.1389550494	0.9971227521
1080	0.1388201493	0.9971227521
1081	0.1385797543	0.9971227521
1082	0.1383348995	0.9971227521
1083	0.1382204059	0.9971227521
1084	0.137497662	0.9971227521
1085	0.1370764895	0.9971227521
1086	0.1369806764	0.9971227521
1087	0.1367889256	0.9971227521
1088	0.1367344378	0.9971227521
1089	0.1363668604	0.9971227521
1090	0.1358454033	0.9971227521
1091	0.1351902591	0.9971227521
1092	0.1349948436	0.9971227521
1093	0.1348941322	0.9971227521
1094	0.1347879029	0.9971227521
1095	0.1337816197	0.9971227521
1096	0.1336736076	0.9971227521
1097	0.1331543247	0.9971227521
1098	0.1329824026	0.9971227521
1099	0.1325081624	0.9971227521
1100	0.1324310674	0.9971227521
1101	0.1312165769	0.9971227521
1102	0.1309953491	0.9971227521
1103	0.1304372701	0.9971227521
1104	0.1303042313	0.9971227521
1105	0.1294148475	0.9971227521
1106	0.1293551836	0.9971227521
1107	0.1291492812	0.9971227521
1108	0.1290305594	0.9971227521
1109	0.1289221097	0.9971227521
1110	0.1287830934	0.9971227521
1111	0.1285921858	0.9971227521
1112	0.1282804687	0.9971227521
1113	0.1280885175	0.9971227521
1114	0.1280652444	0.9971227521
1115	0.127583007	0.9991332193
1116	0.1274586045	0.9991332193
1117	0.127107799	0.9991332193
1118	0.1269401212	0.9991332193
1119	0.1266260155	0.9991332193
1120	0.1265405116	0.9991332193
1121	0.1265388194	0.9991332193
1122	0.1261855193	0.9991332193
1123	0.1261192294	0.9991332193
1124	0.1257712163	0.9991332193
1125	0.1255792475	0.9991332193
1126	0.1255267466	0.9991332193
1127	0.1251984361	0.9991332193
1128	0.1250776456	0.9991332193
1129	0.1249040058	0.9991332193
1130	0.1247987928	0.9991332193
1131	0.1244616945	0.9991332193
1132	0.1243524965	0.9991332193
1133	0.1240351104	0.9991332193
1134	0.1237175543	0.9991332193
1135	0.1236057169	0.9991332193
1136	0.1235348708	0.9991332193
1137	0.1233869028	0.9991332193
1138	0.12314201	0.9991332193
1139	0.1229529906	0.9991332193
1140	0.1227661025	0.9991332193
1141	0.1223236864	0.9991332193
1142	0.1222138433	0.9991332193
1143	0.1220632399	0.9991332193
1144	0.1211987393	0.9991332193
1145	0.1211079982	0.9991332193
1146	0.1207069507	0.9991332193
1147	0.1204154066	0.9991332193
1148	0.1202882147	0.9991332193
1149	0.1201607533	0.9991332193
1150	0.120055865	0.9991332193
1151	0.1198632054	0.9991332193
1152	0.1197722674	0.9991332193
1153	0.1196982451	0.9991332193
1154	0.1192773005	0.9991332193
1155	0.1191180131	0.9991332193
1156	0.1187735277	0.9991332193
1157	0.1186676119	0.9991332193
1158	0.1183937565	0.9991332193
1159	0.1181714109	0.9991332193
1160	0.1173578892	0.9991332193
1161	0.1168845592	0.9991332193
1162	0.1168831084	0.9991332193
1163	0.1164343438	0.9991332193
1164	0.1162978594	0.9991332193
1165	0.1161547752	0.9991332193
1166	0.1157305086	0.9991332193
1167	0.1153077488	0.9991332193
1168	0.1152530561	0.9991332193
1169	0.1151579736	0.9991332193
1170	0.1147763905	0.9991332193
1171	0.114613521	0.9991332193
1172	0.1140413139	0.9991332193
1173	0.1138268461	0.9991332193
1174	0.1136802147	0.9991332193
1175	0.1136135492	0.9991332193
1176	0.1134597881	0.9991332193
1177	0.1133134148	0.9991332193
1178	0.112959536	0.9991332193
1179	0.1127238805	0.9991332193
1180	0.11248048	0.9991332193
1181	0.112432311	0.9991332193
1182	0.1122206274	0.9991332193
1183	0.1120569982	0.9991332193
1184	0.1119651391	0.9991332193
1185	0.1118847951	0.9991332193
1186	0.1116249662	0.9991332193
1187	0.1115351783	0.9991332193
1188	0.1114483287	0.9991332193
1189	0.1112856024	0.9991332193
1190	0.1111925133	0.9991332193
1191	0.1110199052	0.9991332193
1192	0.110732411	0.9991332193
1193	0.1105960133	0.9991332193
1194	0.1104143195	0.9991332193
1195	0.1103547817	0.9991332193
1196	0.1100322089	0.9991332193
1197	0.1098575124	0.9991332193
1198	0.1098007303	0.9991332193
1199	0.1089878821	0.9991332193
1200	0.1089310239	0.9991332193
1201	0.1088542113	0.9991332193
1202	0.1087110267	0.9991332193
1203	0.1084504165	0.9991332193
1204	0.1082774393	0.9991332193
1205	0.1080353071	0.9991332193
1206	0.1078134367	0.9991332193
1207	0.1076302181	0.9991332193
1208	0.1074536927	0.9991332193
1209	0.10728809	0.9991332193
1210	0.1070423075	0.9991332193
1211	0.1063862622	0.9991332193
1212	0.1062651111	0.9991332193
1213	0.1061805583	0.9991332193
1214	0.105876304	0.9991332193
1215	0.1056647821	0.9991332193
1216	0.1055547574	0.9991332193
1217	0.1054344514	0.9991332193
1218	0.105363115	0.9991332193
1219	0.1046235408	0.9991332193
1220	0.104472914	0.9991332193
1221	0.1041942268	0.9991332193
1222	0.1041458986	0.9991332193
1223	0.1038471937	0.9991332193
1224	0.1037643709	0.9991332193
1225	0.1034618351	0.9991332193
1226	0.1034210291	0.9991332193
1227	0.1031877725	0.9991332193
1228	0.1030155606	0.9991332193
1229	0.102870557	0.9991332193
1230	0.102230844	0.9991332193
1231	0.101814836	0.9991332193
1232	0.1015401049	0.9991332193
1233	0.1012022049	0.9991332193
1234	0.1011429862	0.9991332193
1235	0.1010664884	0.9991332193
1236	0.1007737382	0.9991332193
1237	0.1005558097	0.9991332193
1238	0.1004049254	0.9991332193
1239	0.1003528887	0.9991332193
1240	0.1002709066	0.9991332193
1241	0.1001212315	0.9991332193
1242	0.1000243362	0.9991332193
1243	0.09998748614	0.9991332193
1244	0.09943058185	0.9991332193
1245	0.09934825602	0.9991332193
1246	0.09914841498	0.9991332193
1247	0.09901601696	0.9991332193
1248	0.09896644079	0.9991332193
1249	0.09868697212	0.9991332193
1250	0.09861721086	0.9991332193
1251	0.0984445948	0.9991332193
1252	0.09840515844	0.9991332193
1253	0.09821731697	0.9991332193
1254	0.09811667266	0.9991332193
1255	0.0978981617	0.9991332193
1256	0.09760497235	0.9991332193
1257	0.09753140337	0.9991332193
1258	0.09742662926	0.9991332193
1259	0.09718127021	0.9991332193
1260	0.09691157591	0.9991332193
1261	0.09680757774	0.9991332193
1262	0.09673592008	0.9991332193
1263	0.09665707633	0.9991332193
1264	0.09625351294	0.9991332193
1265	0.09570978439	0.9991332193
1266	0.09557575264	0.9991332193
1267	0.09549681939	0.9991332193
1268	0.09523297239	0.9991332193
1269	0.09515547242	0.9991332193
1270	0.09498416631	0.9991332193
1271	0.09489467048	0.9991332193
1272	0.0948328737	0.9991332193
1273	0.09453283313	0.9991332193
1274	0.09449659448	0.9991332193
1275	0.09394210972	0.9991332193
1276	0.09385783293	0.9991332193
1277	0.09375646464	0.9991332193
1278	0.09357686858	0.9991332193
1279	0.09349517677	0.9991332193
1280	0.09344776633	0.9991332193
1281	0.09340382372	0.9991332193
1282	0.09331708586	0.9991332193
1283	0.09325654714	0.9991332193
1284	0.0931639309	0.9991332193
1285	0.09300794295	0.9991332193
1286	0.09277888788	0.9991332193
1287	0.09273215282	0.9991332193
1288	0.09242095274	0.9991332193
1289	0.09233231247	0.9991332193
1290	0.09215237202	0.9991332193
1291	0.09209775201	0.9991332193
1292	0.09189057163	0.9991332193
1293	0.0917831367	0.9991332193
1294	0.09170179269	0.9991332193
1295	0.09164540926	0.9991332193
1296	0.09152252367	0.9991332193
1297	0.09130034902	0.9991332193
1298	0.09123385899	0.9991332193
1299	0.09106078648	0.9991332193
1300	0.09074023011	0.9991332193
1301	0.09065271151	0.9991332193
1302	0.09042177819	0.9991332193
1303	0.09036619908	0.9991332193
1304	0.09003621767	0.9991332193
1305	0.08999723475	0.9991332193
1306	0.0899208453	0.9991332193
1307	0.08976416261	0.9991332193
1308	0.08960026263	0.9991332193
1309	0.08944973752	0.9991332193
1310	0.08933345329	0.9991332193
1311	0.08923335009	0.9991332193
1312	0.08918016409	0.9991332193
1313	0.08880868626	0.9991332193
1314	0.0887527362	0.9991332193
1315	0.08868282725	0.9991332193
1316	0.08835604651	0.9991332193
1317	0.08818651335	0.9991332193
1318	0.08806932384	0.9991332193
1319	0.08799137061	0.9991332193
1320	0.0878394348	0.9991332193
1321	0.08772836157	0.9991332193
1322	0.08749974223	0.9991332193
1323	0.08744803783	0.9991332193
1324	0.08730103803	0.9991332193
1325	0.08713025529	0.9991332193
1326	0.08704674163	0.9991332193
1327	0.08656634168	0.9991332193
1328	0.08650798407	0.9991332193
1329	0.08640142842	0.9991332193
1330	0.08620918072	0.9991332193
1331	0.0861187059	0.9991332193
1332	0.0858858485	0.9991332193
1333	0.08580012593	0.9991332193
1334	0.08563766033	0.9991332193
1335	0.08539888106	0.9991332193
1336	0.08531324498	0.9991332193
1337	0.08521961156	0.9991332193
1338	0.08503437008	0.9991332193
1339	0.08488607478	0.9991332193
1340	0.08478049042	0.9991332193
1341	0.084188621	0.9991332193
1342	0.08404050811	0.9991332193
1343	0.08400359524	0.9991332193
1344	0.08381442744	0.9991332193
1345	0.08366522406	0.9991332193
1346	0.08350222581	0.9991332193
1347	0.08342061004	0.9991332193
1348	0.08325943816	0.9991332193
1349	0.0831892629	0.9991332193
1350	0.08308523013	0.9991332193
1351	0.08300562683	0.9991332193
1352	0.08292126801	0.9991332193
1353	0.08279159932	0.9991332193
1354	0.0827261104	0.9991332193
1355	0.08269328851	0.9991332193
1356	0.0826038912	0.9991332193
1357	0.08253859421	0.9991332193
1358	0.08225730862	0.9991332193
1359	0.08220313474	0.9991332193
1360	0.08211835923	0.9991332193
1361	0.08205256655	0.9991332193
1362	0.08190761639	0.9991332193
1363	0.08180815171	0.9991332193
1364	0.08177665534	0.9991332193
1365	0.08155911727	0.9991332193
1366	0.08152610636	0.9991332193
1367	0.08143843712	0.9991332193
1368	0.08133016235	0.9991332193
1369	0.08122235856	0.9991332193
1370	0.08118090396	0.9991332193
1371	0.08115259189	0.9991332193
1372	0.08102124925	0.9991332193
1373	0.0809091591	0.9991332193
1374	0.08080713099	0.9991332193
1375	0.08064668241	0.9991332193
1376	0.08060612632	0.9991332193
1377	0.0804628578	0.9991332193
1378	0.0803765908	0.9991332193
1379	0.08024503209	0.9991332193
1380	0.08011253055	0.9991332193
1381	0.08005900704	0.9991332193
1382	0.07959718485	0.9991332193
1383	0.07948202324	0.9991332193
1384	0.07940035321	0.9991332193
1385	0.07935810467	0.9991332193
1386	0.07926832577	0.9991332193
1387	0.07916031084	0.9991332193
1388	0.07906511692	0.9991332193
1389	0.07887306451	0.9991332193
1390	0.07872691916	0.9991332193
1391	0.07864604297	0.9991332193
1392	0.07859571951	0.9991332193
1393	0.07856625434	0.9991332193
1394	0.07851683942	0.9991332193
1395	0.07835113279	0.9991332193
1396	0.07828605845	0.9991332193
1397	0.07811804344	0.9991332193
1398	0.07807978828	0.9991332193
1399	0.07795902048	0.9991332193
1400	0.07790389202	0.9991332193
1401	0.07778443165	0.9991332193
1402	0.07778357865	0.9991332193
1403	0.07771818698	0.9991332193
1404	0.07758067607	0.9991332193
1405	0.07739333002	0.9991332193
1406	0.07719891922	0.9991332193
1407	0.07706590044	0.9991332193
1408	0.07694212944	0.9991332193
1409	0.07684566014	0.9991332193
1410	0.07678205671	0.9991332193
1411	0.07676475258	0.9991332193
1412	0.07671037376	0.9991332193
1413	0.07653851275	0.9991332193
1414	0.0764720884	0.9991332193
1415	0.07643835808	0.9991332193
1416	0.0761473757	0.9991332193
1417	0.07603200114	0.9991332193
1418	0.07594257187	0.9991332193
1419	0.07586144677	0.9991332193
1420	0.07579247207	0.9991332193
1421	0.0756764133	0.9991332193
1422	0.07565138394	0.9991332193
1423	0.07525754934	0.9991332193
1424	0.0750875495	0.9991332193
1425	0.07493667527	0.9991332193
1426	0.07477013093	0.9991332193
1427	0.07461726537	0.9991332193
1428	0.07451335094	0.9991332193
1429	0.07441914979	0.9991332193
1430	0.07435350556	0.9991332193
1431	0.07430983562	0.9991332193
1432	0.07428090744	0.9991332193
1433	0.07414619097	0.9991332193
1434	0.07407496762	0.9991332193
1435	0.07405729575	0.9991332193
1436	0.07402118581	0.9991332193
1437	0.07392846609	0.9991332193
1438	0.073783938	0.9991332193
1439	0.07373897351	0.9991332193
1440	0.07361068951	0.9991332193
1441	0.07324124908	0.9991332193
1442	0.07320048612	0.9991332193
1443	0.07315195199	0.9991332193
1444	0.07307444168	0.9991332193
1445	0.07298892675	0.9991332193
1446	0.07295569363	0.9991332193
1447	0.07273274586	0.9991332193
1448	0.07267935002	0.9991332193
1449	0.07258444284	0.9991332193
1450	0.07258369893	0.9991332193
1451	0.07251044758	0.9991332193
1452	0.07246839788	0.9991332193
1453	0.07232694055	0.9991332193
1454	0.0722500398	0.9991332193
1455	0.07202188386	0.9991332193
1456	0.07193174729	0.9991332193
1457	0.07184476517	0.9991332193
1458	0.0718144069	0.9991332193
1459	0.07178124827	0.9991332193
1460	0.0717145984	0.9991332193
1461	0.07160953989	0.9991332193
1462	0.07138939378	0.9991332193
1463	0.07134546806	0.9991332193
1464	0.07127126828	0.9991332193
1465	0.07120396859	0.9991332193
1466	0.07114968967	0.9991332193
1467	0.07105236306	0.9991332193
1468	0.07080991804	0.9991332193
1469	0.07064267125	0.9991332193
1470	0.0705873236	0.9991332193
1471	0.07047123809	0.9991332193
1472	0.07034139804	0.9991332193
1473	0.07029155485	0.9991332193
1474	0.07022343976	0.9991332193
1475	0.06994553916	0.9991332193
1476	0.06981491315	0.9991332193
1477	0.06971355534	0.9991332193
1478	0.06962586131	0.9991332193
1479	0.06955300702	0.9991332193
1480	0.06947455412	0.9991332193
1481	0.06940852204	0.9991332193
1482	0.06921929334	0.9991332193
1483	0.06912284267	0.9991332193
1484	0.06902607541	0.9991332193
1485	0.06893567529	0.9991332193
1486	0.06886870562	1
1487	0.06880350954	1
1488	0.06873288079	1
1489	0.0686616618	1
1490	0.06857749238	1
1491	0.06850383754	1
1492	0.0683885572	1
1493	0.06833066527	1
1494	0.0682933577	1
1495	0.06804025744	1
1496	0.06784616399	1
1497	0.06778663529	1
1498	0.06771642722	1
1499	0.06762756228	1
1500	0.06755803989	1
1501	0.06753257547	1
1502	0.0675162845	1
1503	0.06743024124	1
1504	0.06737570562	1
1505	0.06730468439	1
1506	0.06716588408	1
1507	0.06711156101	1
1508	0.06703866707	1
1509	0.06700022867	1
1510	0.0668371991	1
1511	0.06681093771	1
1512	0.0667484783	1
1513	0.06669976308	1
1514	0.06662007032	1
1515	0.06658944147	1
1516	0.06656693539	1
1517	0.06650268652	1
1518	0.06641577268	1
1519	0.06634913	1
1520	0.06628762576	1
1521	0.06622667912	1
1522	0.06616859925	1
1523	0.06608080004	1
1524	0.06597823123	1
1525	0.065798907	1
1526	0.06570911401	1
1527	0.06561981635	1
1528	0.06552379074	1
1529	0.06545981101	1
1530	0.06539445096	1
1531	0.06534852435	1
1532	0.06528535772	1
1533	0.06526296646	1
1534	0.06522668085	1
1535	0.06510346476	1
1536	0.06505986886	1
1537	0.06495711293	1
1538	0.06487266663	1
1539	0.06480263029	1
1540	0.06477188718	1
1541	0.06474710801	1
1542	0.06469185594	1
1543	0.06459778136	1
1544	0.06449807115	1
1545	0.06440107173	1
1546	0.06433292801	1
1547	0.06433239539	1
1548	0.06426776175	1
1549	0.06420596843	1
1550	0.0641257652	1
1551	0.06407866809	1
1552	0.0640240639	1
1553	0.06398238499	1
1554	0.06392604476	1
1555	0.06386687184	1
1556	0.06380394953	1
1557	0.06378191925	1
1558	0.06366604104	1
1559	0.06356691253	1
1560	0.0635012406	1
1561	0.06336676285	1
1562	0.06331113362	1
1563	0.06323765824	1
1564	0.06314524321	1
1565	0.06308624575	1
1566	0.06306767665	1
1567	0.06301565272	1
1568	0.06298162825	1
1569	0.06292241794	1
1570	0.06289707636	1
1571	0.06285523329	1
1572	0.06272982776	1
1573	0.06270970665	1
1574	0.0626835365	1
1575	0.06264235707	1
1576	0.06259952457	1
1577	0.0624552287	1
1578	0.06239531761	1
1579	0.06214707336	1
1580	0.06203438115	1
1581	0.06192726687	1
1582	0.06189847306	1
1583	0.06179890069	1
1584	0.06172166968	1
1585	0.06166150457	1
1586	0.06160108612	1
1587	0.06154292879	1
1588	0.061487962	1
1589	0.06145941072	1
1590	0.06139015842	1
1591	0.06133418279	1
1592	0.06119312767	1
1593	0.06114300479	1
1594	0.06103052399	1
1595	0.06094265004	1
1596	0.06087415121	1
1597	0.06084950177	1
1598	0.06077971873	1
1599	0.06073800971	1
1600	0.06068963681	1
1601	0.06043724223	1
1602	0.06038852067	1
1603	0.06028688492	1
1604	0.06020029297	1
1605	0.06015168316	1
1606	0.06013002811	1
1607	0.06005366288	1
1608	0.05988453605	1
1609	0.05977643974	1
1610	0.05975296793	1
1611	0.05974559473	1
1612	0.05971275067	1
1613	0.05966533721	1
1614	0.05945198678	1
1615	0.05940410342	1
1616	0.05935690673	1
1617	0.05932005139	1
1618	0.05926779462	1
1619	0.05924538696	1
1620	0.05921095328	1
1621	0.05916225616	1
1622	0.05911610931	1
1623	0.05907916953	1
1624	0.05905281712	1
1625	0.05899893303	1
1626	0.05872402073	1
1627	0.05870807612	1
1628	0.05866404218	1
1629	0.05858765205	1
1630	0.05854190621	1
1631	0.05833225426	1
1632	0.05824334408	1
1633	0.05814371123	1
1634	0.05809208392	1
1635	0.05805904728	1
1636	0.05801590279	1
1637	0.05796374823	1
1638	0.0578680206	1
1639	0.05783235595	1
1640	0.05778191516	1
1641	0.05776102608	1
1642	0.05774633438	1
1643	0.05771623102	1
1644	0.05763537163	1
1645	0.05756999909	1
1646	0.05746673933	1
1647	0.05741769899	1
1648	0.05737448359	1
1649	0.05736887852	1
1650	0.05734961838	1
1651	0.05709131597	1
1652	0.05706641445	1
1653	0.05699065775	1
1654	0.05694099573	1
1655	0.05677957644	1
1656	0.0567372623	1
1657	0.05667369786	1
1658	0.05664354015	1
1659	0.05657583821	1
1660	0.05657542563	1
1661	0.05655643103	1
1662	0.05655010742	1
1663	0.056528826	1
1664	0.05648719992	1
1665	0.05643046708	1
1666	0.05641751808	1
1667	0.05637062011	1
1668	0.0563371892	1
1669	0.05629552219	1
1670	0.05622072672	1
1671	0.05610305212	1
1672	0.05606217411	1
1673	0.05599248135	1
1674	0.05589297834	1
1675	0.05580791766	1
1676	0.05578057135	1
1677	0.05576163546	1
1678	0.05567090667	1
1679	0.05553347883	1
1680	0.05550882231	1
1681	0.0553846431	1
1682	0.05536607833	1
1683	0.05529524074	1
1684	0.05523298212	1
1685	0.0552017648	1
1686	0.05512263653	1
1687	0.05508705283	1
1688	0.05504734262	1
1689	0.05500296716	1
1690	0.0549526922	1
1691	0.05489911887	1
1692	0.05486085624	1
1693	0.05484548938	1
1694	0.05478872228	1
1695	0.05467809972	1
1696	0.0546423294	1
1697	0.05459798572	1
1698	0.05455466844	1
1699	0.05453114909	1
1700	0.05451245076	1
1701	0.05436361775	1
1702	0.05423766147	1
1703	0.05419636772	1
1704	0.05416040467	1
1705	0.05413709317	1
1706	0.05412599497	1
1707	0.05401967864	1
1708	0.05393828243	1
1709	0.05389253325	1
1710	0.05385254977	1
1711	0.05382084417	1
1712	0.05374542444	1
1713	0.05363636243	1
1714	0.05358644324	1
1715	0.05355845402	1
1716	0.05349223062	1
1717	0.05347410661	1
1718	0.05343491684	1
1719	0.05326096569	1
1720	0.05321709123	1
1721	0.05319142048	1
1722	0.05317301959	1
1723	0.05313457378	1
1724	0.052939796	1
1725	0.05288483474	1
1726	0.05284553732	1
1727	0.05279220781	1
1728	0.05275334333	1
1729	0.05262379373	1
1730	0.05257386091	1
1731	0.05253995129	1
1732	0.05244477647	1
1733	0.05240358428	1
1734	0.05237453667	1
1735	0.05235465788	1
1736	0.05231676949	1
1737	0.05227905456	1
1738	0.05225857499	1
1739	0.0522226814	1
1740	0.0521959249	1
1741	0.05213081388	1
1742	0.05197184849	1
1743	0.05193270707	1
1744	0.05187418961	1
1745	0.05183956502	1
1746	0.05179389695	1
1747	0.05160063755	1
1748	0.05157547384	1
1749	0.05149012286	1
1750	0.05146683757	1
1751	0.05143725978	1
1752	0.05140791483	1
1753	0.0513503843	1
1754	0.05131178244	1
1755	0.05128512368	1
1756	0.05124925054	1
1757	0.05121672001	1
1758	0.05115392126	1
1759	0.05107223005	1
1760	0.05092932115	1
1761	0.05088027605	1
1762	0.05084407788	1
1763	0.05082774217	1
1764	0.05081222048	1
1765	0.05066025375	1
1766	0.0506315297	1
1767	0.05060051729	1
1768	0.05054965913	1
1769	0.05054935822	1
1770	0.05052411566	1
1771	0.0503598446	1
1772	0.05033322803	1
1773	0.05029829031	1
1774	0.05018869778	1
1775	0.05013233521	1
1776	0.05008050388	1
1777	0.05004050064	1
1778	0.0500062212	1
1779	0.04980494674	1
1780	0.04978167853	1
1781	0.04970713125	1
1782	0.04963305484	1
1783	0.04957573233	1
1784	0.04952941488	1
1785	0.04950645204	1
1786	0.04948691898	1
1787	0.04938170117	1
1788	0.04935671067	1
1789	0.04932251499	1
1790	0.04928490681	1
1791	0.04910982306	1
1792	0.04908834997	1
1793	0.04886322328	1
1794	0.04878941953	1
1795	0.04875719551	1
1796	0.04872373626	1
1797	0.04863394321	1
1798	0.04858423095	1
1799	0.04852713279	1
1800	0.04850619026	1
1801	0.04847113705	1
1802	0.04843515445	1
1803	0.048406552	1
1804	0.04839079558	1
1805	0.04834997556	1
1806	0.04832994694	1
1807	0.04828597554	1
1808	0.04823112603	1
1809	0.04820895865	1
1810	0.04818408681	1
1811	0.048144155	1
1812	0.04811215829	1
1813	0.04805584534	1
1814	0.04799495077	1
1815	0.04794420479	1
1816	0.04785432613	1
1817	0.04782210832	1
1818	0.04776810901	1
1819	0.04770858718	1
1820	0.04764616001	1
1821	0.04762716187	1
1822	0.04761068479	1
1823	0.04750461177	1
1824	0.04747359984	1
1825	0.04735089682	1
1826	0.04729861366	1
1827	0.0472639308	1
1828	0.04722048459	1
1829	0.04719989638	1
1830	0.04711754675	1
1831	0.04708930372	1
1832	0.04706575347	1
1833	0.04702481084	1
1834	0.04699031976	1
1835	0.04697496013	1
1836	0.04697328525	1
1837	0.04694249758	1
1838	0.04691236023	1
1839	0.04685711112	1
1840	0.04681541048	1
1841	0.04675995161	1
1842	0.04674123109	1
1843	0.04667957265	1
1844	0.04666425869	1
1845	0.04645912137	1
1846	0.04643485084	1
1847	0.04642185987	1
1848	0.04639489205	1
1849	0.04636637464	1
1850	0.04633341812	1
1851	0.04630824333	1
1852	0.0462520778	1
1853	0.04622787099	1
1854	0.04614988206	1
1855	0.04607491929	1
1856	0.04603909831	1
1857	0.0460116266	1
1858	0.04599842335	1
1859	0.04599045926	1
1860	0.04596045539	1
1861	0.04594883156	1
1862	0.04592250215	1
1863	0.04586066668	1
1864	0.04582910324	1
1865	0.04581762404	1
1866	0.04579152024	1
1867	0.04573540201	1
1868	0.04570987891	1
1869	0.04567361115	1
1870	0.04565782548	1
1871	0.04557384091	1
1872	0.04554867752	1
1873	0.04550514734	1
1874	0.04548049076	1
1875	0.04543423309	1
1876	0.0454111962	1
1877	0.04532468873	1
1878	0.04532443147	1
1879	0.04528033243	1
1880	0.04524512681	1
1881	0.04517986232	1
1882	0.04501903269	1
1883	0.04495298596	1
1884	0.04493491781	1
1885	0.04491050306	1
1886	0.04487100648	1
1887	0.04484260881	1
1888	0.04484236125	1
1889	0.04479952747	1
1890	0.04475887788	1
1891	0.04472536273	1
1892	0.04471244761	1
1893	0.04461889392	1
1894	0.04459439031	1
1895	0.0445749696	1
1896	0.04454791718	1
1897	0.04449317432	1
1898	0.044475375	1
1899	0.04440572827	1
1900	0.04434797815	1
1901	0.04414639727	1
1902	0.04410808517	1
1903	0.04407252877	1
1904	0.04406428041	1
1905	0.04404089627	1
1906	0.04401049636	1
1907	0.04398242547	1
1908	0.0439596608	1
1909	0.04393296816	1
1910	0.04391418828	1
1911	0.04391394883	1
1912	0.04387204963	1
1913	0.04380436083	1
1914	0.04374351412	1
1915	0.04369306563	1
1916	0.04368388782	1
1917	0.04365147922	1
1918	0.04358837818	1
1919	0.0434375233	1
1920	0.04338315165	1
1921	0.04333264377	1
1922	0.04331623583	1
1923	0.04326882434	1
1924	0.0432108833	1
1925	0.04320023118	1
1926	0.043060233	1
1927	0.04304470909	1
1928	0.04298441176	1
1929	0.04294581298	1
1930	0.04293485137	1
1931	0.04286808364	1
1932	0.04283627822	1
1933	0.04281699964	1
1934	0.04280596151	1
1935	0.04275082393	1
1936	0.04264632972	1
1937	0.04264041521	1
1938	0.04259997621	1
1939	0.04257751454	1
1940	0.04252395646	1
1941	0.04249668997	1
1942	0.04245729623	1
1943	0.04242407216	1
1944	0.04235327027	1
1945	0.04230932795	1
1946	0.04216179052	1
1947	0.04212061448	1
1948	0.04207084195	1
1949	0.04204966101	1
1950	0.04203802565	1
1951	0.04196764967	1
1952	0.04196194687	1
1953	0.04189833774	1
1954	0.04188765263	1
1955	0.04186640809	1
1956	0.04173218625	1
1957	0.04168634005	1
1958	0.04166672241	1
1959	0.04164081725	1
1960	0.04162045381	1
1961	0.04154572205	1
1962	0.04152361473	1
1963	0.04147134177	1
1964	0.04145119806	1
1965	0.04143377009	1
1966	0.04142423576	1
1967	0.04138364835	1
1968	0.0413574282	1
1969	0.04133657	1
1970	0.04127606002	1
1971	0.04125233549	1
1972	0.041226064	1
1973	0.04118656768	1
1974	0.0411669705	1
1975	0.04112413933	1
1976	0.04109410449	1
1977	0.04106779528	1
1978	0.04101143932	1
1979	0.04099000059	1
1980	0.04096433685	1
1981	0.04090124582	1
1982	0.04087165388	1
1983	0.04084873095	1
1984	0.04083730766	1
1985	0.04080829017	1
1986	0.04079350547	1
1987	0.04076240873	1
1988	0.04074944821	1
1989	0.04072437328	1
1990	0.04064813305	1
1991	0.04051455396	1
1992	0.04044405353	1
1993	0.04043237982	1
1994	0.04041668472	1
1995	0.04036624906	1
1996	0.04033808861	1
1997	0.04030413174	1
1998	0.0402128753	1
1999	0.04020302108	1
