iter	QueryRMSE	AverageGain:top=10
0	0.1913123624	0.208045977
1	0.1908889558	0.2543103448
2	0.1904558982	0.2692528736
3	0.1900368234	0.2798850575
4	0.1896866403	0.2775862069
5	0.1893154784	0.2767241379
6	0.1889972024	0.2795977011
7	0.1886712664	0.2890804598
8	0.1883788277	0.2827586207
9	0.1880510947	0.2885057471
10	0.1877536802	0.2896551724
11	0.1873897586	0.2916666667
12	0.1871202015	0.2913793103
13	0.1868560185	0.2905172414
14	0.1865620213	0.2908045977
15	0.1862919813	0.2925287356
16	0.1860143731	0.2922413793
17	0.1857552248	0.291954023
18	0.1855085175	0.2905172414
19	0.1852599846	0.2922413793
20	0.1850071841	0.291091954
21	0.1847511417	0.292816092
22	0.1845420695	0.2933908046
23	0.1843023391	0.2956896552
24	0.184077182	0.2951149425
25	0.1838714636	0.2951149425
26	0.1836674782	0.2982758621
27	0.1835099582	0.300862069
28	0.1833273047	0.3028735632
29	0.1831641131	0.3034482759
30	0.1829822751	0.3048850575
31	0.182852046	0.3045977011
32	0.182664896	0.3034482759
33	0.1824603754	0.3048850575
34	0.1822730822	0.3045977011
35	0.1821041808	0.3057471264
36	0.181905068	0.3083333333
37	0.1817835052	0.308908046
38	0.1816162107	0.3097701149
39	0.1814578315	0.307183908
40	0.1812653839	0.3091954023
41	0.1811140665	0.3103448276
42	0.1809705759	0.3097701149
43	0.1808149137	0.3120689655
44	0.1806737476	0.3114942529
45	0.1805255366	0.3112068966
46	0.180395281	0.3103448276
47	0.18025543	0.3126436782
48	0.180144042	0.3135057471
49	0.1800213436	0.3137931034
50	0.1799179458	0.3140804598
51	0.1797521891	0.3126436782
52	0.1796465325	0.3129310345
53	0.1795178253	0.3149425287
54	0.1794150271	0.3146551724
55	0.1793364185	0.3135057471
56	0.1792112293	0.3146551724
57	0.1791282116	0.3143678161
58	0.1790247215	0.3155172414
59	0.1789340068	0.316091954
60	0.1788377617	0.3172413793
61	0.1786902177	0.3149425287
62	0.1785382369	0.3166666667
63	0.178421803	0.3183908046
64	0.1783161626	0.3189655172
65	0.1782016396	0.3204022989
66	0.178109592	0.3189655172
67	0.1780219757	0.3189655172
68	0.1779204506	0.316954023
69	0.1778314811	0.316954023
70	0.1777219023	0.3209770115
71	0.1776231209	0.3227011494
72	0.1775385595	0.3235632184
73	0.1774362011	0.3224137931
74	0.1773354583	0.3235632184
75	0.1772390035	0.3238505747
76	0.1771398614	0.3247126437
77	0.177043349	0.3247126437
78	0.1769250924	0.325
79	0.1768283214	0.3238505747
80	0.176760997	0.3238505747
81	0.1766788946	0.3247126437
82	0.176593893	0.325
83	0.1765379595	0.324137931
84	0.1764540285	0.325
85	0.1763656621	0.3261494253
86	0.1762792898	0.3264367816
87	0.1762023805	0.325862069
88	0.1761151246	0.3275862069
89	0.1760307702	0.3278735632
90	0.1759688038	0.3270114943
91	0.175884865	0.3267241379
92	0.1758306074	0.3270114943
93	0.17576353	0.3270114943
94	0.1756903621	0.3272988506
95	0.1756148689	0.3287356322
96	0.1755482034	0.3298850575
97	0.1754772621	0.3307471264
98	0.1754094484	0.3307471264
99	0.1753415334	0.3307471264
100	0.1752932393	0.3313218391
101	0.1752318865	0.3307471264
102	0.1751690078	0.3301724138
103	0.1751247392	0.3301724138
104	0.1750457864	0.3298850575
105	0.1749712704	0.3304597701
106	0.174889714	0.3313218391
107	0.1748189201	0.3304597701
108	0.174768281	0.3301724138
109	0.1747053737	0.3304597701
110	0.1746393553	0.3316091954
111	0.1745766879	0.3316091954
112	0.1745150314	0.3324712644
113	0.1744617852	0.332183908
114	0.1743917291	0.3327586207
115	0.1742995631	0.333908046
116	0.1742071627	0.3344827586
117	0.1741141083	0.3353448276
118	0.1740535005	0.3356321839
119	0.1740148828	0.3353448276
120	0.1739539318	0.3356321839
121	0.1738959687	0.3353448276
122	0.1738380446	0.3347701149
123	0.1737634987	0.3359195402
124	0.173718351	0.3362068966
125	0.173653754	0.3364942529
126	0.1735877471	0.3364942529
127	0.1735309781	0.3382183908
128	0.1734465196	0.3379310345
129	0.1733894879	0.3382183908
130	0.1733516288	0.3373563218
131	0.1732894865	0.3379310345
132	0.1731772701	0.3376436782
133	0.1731299598	0.3373563218
134	0.1730814055	0.3382183908
135	0.1730387443	0.3379310345
136	0.1729796435	0.3376436782
137	0.1729246583	0.3379310345
138	0.1728767501	0.3382183908
139	0.1728346039	0.3390804598
140	0.1727649036	0.3393678161
141	0.1726918867	0.3399425287
142	0.1726077989	0.3405172414
143	0.1725522029	0.3405172414
144	0.1725107038	0.3408045977
145	0.1724732117	0.3408045977
146	0.1724224775	0.3408045977
147	0.1723625275	0.3413793103
148	0.172301189	0.3413793103
149	0.1722733366	0.3408045977
150	0.1722335296	0.3408045977
151	0.1721536893	0.3433908046
152	0.172111661	0.3436781609
153	0.1720559344	0.3436781609
154	0.1719846763	0.3442528736
155	0.1719303249	0.3445402299
156	0.1719020641	0.3436781609
157	0.1718268406	0.3442528736
158	0.1717725813	0.3445402299
159	0.17171146	0.3451149425
160	0.1716701733	0.3445402299
161	0.1716429531	0.3451149425
162	0.1716158953	0.3448275862
163	0.1715859713	0.3448275862
164	0.1715257581	0.3448275862
165	0.1714834215	0.3448275862
166	0.1714106902	0.3448275862
167	0.1713681997	0.3436781609
168	0.1713363254	0.3448275862
169	0.1712906363	0.3459770115
170	0.171243513	0.3456896552
171	0.1711934437	0.3454022989
172	0.1711475855	0.3451149425
173	0.1711227015	0.3451149425
174	0.1710572084	0.3462643678
175	0.1710220883	0.3462643678
176	0.1709655855	0.3468390805
177	0.1709069607	0.3471264368
178	0.1708548756	0.3474137931
179	0.1708049084	0.3474137931
180	0.1707344313	0.3477011494
181	0.1706783503	0.3477011494
182	0.1706265206	0.3477011494
183	0.1705882574	0.3485632184
184	0.1705508848	0.3485632184
185	0.1705037616	0.3477011494
186	0.1704636062	0.3479885057
187	0.1703799971	0.3502873563
188	0.1703360577	0.3505747126
189	0.1702576844	0.3520114943
190	0.1701951301	0.3522988506
191	0.1701221126	0.3537356322
192	0.1700655158	0.3537356322
193	0.1700304117	0.3528735632
194	0.1699915686	0.3528735632
195	0.1699519804	0.3531609195
196	0.1699048774	0.3537356322
197	0.1698558418	0.3531609195
198	0.1698052826	0.3543103448
199	0.1697719372	0.3543103448
200	0.1697476681	0.3543103448
201	0.1696916951	0.3540229885
202	0.1696493442	0.3543103448
203	0.1696094314	0.3545977011
204	0.1695677631	0.3543103448
205	0.1695414093	0.3537356322
206	0.1694914267	0.3537356322
207	0.1694467685	0.3537356322
208	0.1694122867	0.3543103448
209	0.1693790081	0.3551724138
210	0.1693286914	0.3566091954
211	0.1692947409	0.3568965517
212	0.1692503665	0.3577586207
213	0.1691908215	0.3574712644
214	0.1691525977	0.3583333333
215	0.1691190575	0.3586206897
216	0.1690953515	0.3583333333
217	0.1690512404	0.358045977
218	0.1690099906	0.3583333333
219	0.1689857806	0.3586206897
220	0.1689413218	0.358045977
221	0.1689009263	0.3568965517
222	0.1688710176	0.3586206897
223	0.1688390792	0.3586206897
224	0.1687891132	0.3577586207
225	0.1687542644	0.358908046
226	0.1687008408	0.3577586207
227	0.1686382236	0.3594827586
228	0.168607919	0.358908046
229	0.1685717242	0.358908046
230	0.1685130969	0.3591954023
231	0.1684673714	0.3594827586
232	0.168421088	0.3600574713
233	0.1683670002	0.3606321839
234	0.1683328459	0.3606321839
235	0.1682744157	0.3606321839
236	0.1682503447	0.3606321839
237	0.1682036585	0.3600574713
238	0.1681698912	0.3606321839
239	0.1681134491	0.3606321839
240	0.1680953732	0.3609195402
241	0.1680513374	0.3612068966
242	0.1680343152	0.3612068966
243	0.1680084301	0.3603448276
244	0.1679452504	0.3600574713
245	0.1679094071	0.3603448276
246	0.1678540659	0.3609195402
247	0.1678031653	0.3614942529
248	0.1677817359	0.3612068966
249	0.1677465207	0.3609195402
250	0.1677018648	0.3612068966
251	0.1676778195	0.3614942529
252	0.1676370042	0.3617816092
253	0.1675930153	0.3617816092
254	0.1675751635	0.3626436782
255	0.1675228064	0.3626436782
256	0.1674905382	0.3626436782
257	0.1674137059	0.3632183908
258	0.1673527563	0.3629310345
259	0.1673252106	0.3629310345
260	0.1672690291	0.3626436782
261	0.1672262158	0.3626436782
262	0.1671580739	0.3629310345
263	0.1671349469	0.3623563218
264	0.1670859771	0.3626436782
265	0.1670576536	0.3626436782
266	0.1670223885	0.3626436782
267	0.1669894276	0.3646551724
268	0.1669432122	0.3655172414
269	0.1668996942	0.3652298851
270	0.166858088	0.3640804598
271	0.1668152241	0.3640804598
272	0.1667847212	0.3643678161
273	0.166749637	0.3652298851
274	0.1667220489	0.3658045977
275	0.1666900075	0.366091954
276	0.1666609499	0.366091954
277	0.1666389435	0.366954023
278	0.1665927338	0.3675287356
279	0.1665486792	0.367816092
280	0.1665294253	0.3681034483
281	0.1664848022	0.3681034483
282	0.1664752885	0.3683908046
283	0.1664497086	0.3689655172
284	0.1664072491	0.3692528736
285	0.1663907368	0.3698275862
286	0.1663411316	0.3698275862
287	0.1663091854	0.3695402299
288	0.1662774383	0.3695402299
289	0.1662664325	0.3692528736
290	0.1662205405	0.3689655172
291	0.1661857596	0.3686781609
292	0.1661377125	0.3683908046
293	0.1660913803	0.3692528736
294	0.1660437427	0.3698275862
295	0.1660111872	0.3698275862
296	0.1659808915	0.3706896552
297	0.1659783684	0.3706896552
298	0.1659309794	0.3709770115
299	0.165865451	0.3712643678
300	0.1658220635	0.3709770115
301	0.1657825211	0.3715517241
302	0.1657475856	0.3735632184
303	0.1657029041	0.3709770115
304	0.1656971496	0.3709770115
305	0.1656549285	0.3718390805
306	0.1656355739	0.3718390805
307	0.1655765003	0.3718390805
308	0.1655387962	0.3721264368
309	0.1654966937	0.3727011494
310	0.1654522722	0.3738505747
311	0.1653952248	0.374137931
312	0.1653341337	0.3747126437
313	0.1652926155	0.3735632184
314	0.1652660448	0.3735632184
315	0.1652046648	0.3752873563
316	0.1651973802	0.3752873563
317	0.1651727972	0.3752873563
318	0.1651293106	0.3747126437
319	0.1650709231	0.3755747126
320	0.1650315603	0.375
321	0.1649775667	0.3755747126
322	0.1649273221	0.3770114943
323	0.1648875413	0.3767241379
324	0.1648385281	0.3764367816
325	0.164798177	0.3764367816
326	0.1647547574	0.3770114943
327	0.1647224425	0.3772988506
328	0.1646841875	0.3772988506
329	0.164648989	0.3778735632
330	0.1645996854	0.3778735632
331	0.1645479307	0.3787356322
332	0.1645288246	0.3787356322
333	0.1644973533	0.3790229885
334	0.1644942984	0.3787356322
335	0.1644476491	0.3790229885
336	0.1644245911	0.3790229885
337	0.1644173556	0.3790229885
338	0.1643807261	0.3795977011
339	0.1643416823	0.3801724138
340	0.1643015626	0.3807471264
341	0.1642670832	0.3810344828
342	0.1642362834	0.3807471264
343	0.1641899195	0.3804597701
344	0.1641333357	0.3807471264
345	0.1640966038	0.3807471264
346	0.1640612402	0.3807471264
347	0.164031399	0.3816091954
348	0.163975769	0.3813218391
349	0.1639529163	0.3816091954
350	0.1639068999	0.3818965517
351	0.163904013	0.3818965517
352	0.1638561836	0.3816091954
353	0.1638246699	0.3813218391
354	0.163777952	0.3810344828
355	0.1637525207	0.3810344828
356	0.1637178664	0.3818965517
357	0.1636728044	0.382183908
358	0.1636348497	0.382183908
359	0.163619145	0.3827586207
360	0.1635836439	0.382183908
361	0.1635439391	0.382183908
362	0.1635025964	0.3816091954
363	0.1634678445	0.3810344828
364	0.1634117689	0.3813218391
365	0.163384595	0.3813218391
366	0.163341644	0.382183908
367	0.163311785	0.382183908
368	0.1633084573	0.382183908
369	0.1632627762	0.3827586207
370	0.1632595502	0.3827586207
371	0.1632018939	0.383045977
372	0.1631465694	0.3827586207
373	0.1630987059	0.3836206897
374	0.1630724741	0.3841954023
375	0.1630256825	0.3841954023
376	0.1629857547	0.383045977
377	0.1629629639	0.383908046
378	0.1629284804	0.3841954023
379	0.1628710496	0.3847701149
380	0.1628302469	0.3850574713
381	0.1627887047	0.3859195402
382	0.1627308694	0.3853448276
383	0.1626970474	0.3836206897
384	0.1626920356	0.3836206897
385	0.1626512776	0.3850574713
386	0.1626191633	0.3853448276
387	0.1625836693	0.3847701149
388	0.1625358869	0.3862068966
389	0.1624872432	0.3864942529
390	0.1624384146	0.3873563218
391	0.1623908667	0.3885057471
392	0.1623532204	0.3896551724
393	0.1623502652	0.3896551724
394	0.1623131059	0.3893678161
395	0.1622814038	0.3899425287
396	0.1622367179	0.3902298851
397	0.1621906632	0.3899425287
398	0.1621502353	0.3899425287
399	0.1621105346	0.3893678161
400	0.162081717	0.3890804598
401	0.1620792521	0.3890804598
402	0.162023829	0.3899425287
403	0.1619971125	0.3902298851
404	0.1619499349	0.3896551724
405	0.1619035054	0.3896551724
406	0.1618584598	0.3893678161
407	0.1618122477	0.3893678161
408	0.161761422	0.3913793103
409	0.1617211363	0.3916666667
410	0.1616946511	0.3913793103
411	0.1616572738	0.3916666667
412	0.1616547263	0.3916666667
413	0.1616144207	0.3908045977
414	0.1615789269	0.3908045977
415	0.1615591807	0.391091954
416	0.1615173819	0.3908045977
417	0.1614828892	0.3908045977
418	0.1614802341	0.3908045977
419	0.1614739408	0.3908045977
420	0.1614265228	0.3922413793
421	0.1613892886	0.3933908046
422	0.1613464873	0.3936781609
423	0.1613434086	0.3936781609
424	0.1613072583	0.3936781609
425	0.1612689269	0.3939655172
426	0.1612319388	0.3936781609
427	0.1612294247	0.3936781609
428	0.1612018041	0.3936781609
429	0.1611600483	0.3931034483
430	0.1611102592	0.3936781609
431	0.1610571621	0.3936781609
432	0.1610090672	0.3931034483
433	0.1609717018	0.3925287356
434	0.1609233926	0.3922413793
435	0.1608828313	0.392816092
436	0.1608800887	0.392816092
437	0.1608463878	0.392816092
438	0.1607907845	0.3931034483
439	0.1607603722	0.3936781609
440	0.1607308279	0.3939655172
441	0.1606849781	0.3936781609
442	0.1606506596	0.3939655172
443	0.1605991941	0.3939655172
444	0.1605763607	0.3939655172
445	0.1605737042	0.3939655172
446	0.1605314542	0.3939655172
447	0.1604923581	0.3936781609
448	0.160474799	0.3936781609
449	0.1604477922	0.3942528736
450	0.1604168561	0.3942528736
451	0.1604146849	0.3942528736
452	0.1603641464	0.3948275862
453	0.1603359968	0.3948275862
454	0.1603072915	0.3954022989
455	0.1603044709	0.3954022989
456	0.1602682171	0.3959770115
457	0.1602252022	0.3959770115
458	0.160180798	0.3959770115
459	0.1601755652	0.3959770115
460	0.1601728796	0.3959770115
461	0.160135102	0.3959770115
462	0.1601264536	0.3959770115
463	0.1600806985	0.3954022989
464	0.1600376035	0.3956896552
465	0.1600037032	0.3956896552
466	0.15999394	0.3954022989
467	0.1599916347	0.3954022989
468	0.1599391753	0.3954022989
469	0.1599109845	0.3959770115
470	0.1598701103	0.3962643678
471	0.159839593	0.3962643678
472	0.1598189034	0.3959770115
473	0.1597836803	0.3959770115
474	0.1597514769	0.3956896552
475	0.1597131913	0.3956896552
476	0.159672417	0.3956896552
477	0.1596703297	0.3956896552
478	0.1596266922	0.3965517241
479	0.1596246603	0.3965517241
480	0.159584537	0.3965517241
481	0.1595572084	0.3965517241
482	0.1595171695	0.3962643678
483	0.1594920092	0.3965517241
484	0.1594500211	0.3965517241
485	0.1594480841	0.3965517241
486	0.1594161481	0.3968390805
487	0.1593892557	0.3968390805
488	0.159345731	0.3971264368
489	0.1593110416	0.3974137931
490	0.1592796415	0.3979885057
491	0.1592570509	0.3985632184
492	0.1592082346	0.399137931
493	0.1591665172	0.3985632184
494	0.1591379101	0.3988505747
495	0.159113425	0.3988505747
496	0.1590737927	0.3988505747
497	0.1590380095	0.3994252874
498	0.1590084148	0.399137931
499	0.1590063965	0.399137931
500	0.1589696566	0.3997126437
501	0.1589452494	0.3997126437
502	0.1589212883	0.3997126437
503	0.1589154539	0.3997126437
504	0.1588926841	0.3997126437
505	0.158870715	0.399137931
506	0.1588685263	0.399137931
507	0.1588295651	0.399137931
508	0.1588277885	0.399137931
509	0.1588260352	0.399137931
510	0.158824328	0.399137931
511	0.1588225097	0.399137931
512	0.1587995842	0.399137931
513	0.1587705783	0.399137931
514	0.1587302553	0.3988505747
515	0.1587287158	0.3988505747
516	0.1586809497	0.3997126437
517	0.1586686089	0.4002873563
518	0.1586497236	0.4002873563
519	0.1586065792	0.3994252874
520	0.1585644631	0.4
521	0.1585432407	0.4002873563
522	0.158509798	0.4002873563
523	0.1584846658	0.4002873563
524	0.1584508238	0.3997126437
525	0.1584047004	0.4
526	0.1583489078	0.4002873563
527	0.158322864	0.4002873563
528	0.1582868246	0.4002873563
529	0.1582574476	0.4005747126
530	0.1582224997	0.4005747126
531	0.1582209251	0.4005747126
532	0.1582189804	0.4005747126
533	0.1581917338	0.400862069
534	0.1581679996	0.4005747126
535	0.1581197103	0.4011494253
536	0.1580798081	0.4014367816
537	0.1580399361	0.4011494253
538	0.1580385537	0.4011494253
539	0.1579989833	0.4011494253
540	0.1579703801	0.4011494253
541	0.1579379336	0.4011494253
542	0.1579005755	0.4014367816
543	0.1578657997	0.400862069
544	0.1578347848	0.400862069
545	0.1577820717	0.4014367816
546	0.157738753	0.4014367816
547	0.1577180982	0.4014367816
548	0.1576756309	0.4011494253
549	0.1576398546	0.4011494253
550	0.1576023895	0.4011494253
551	0.1576009292	0.4011494253
552	0.1575605427	0.4011494253
553	0.1575569865	0.4011494253
554	0.1575255471	0.4014367816
555	0.1574891545	0.4017241379
556	0.1574630099	0.4020114943
557	0.1574050181	0.4022988506
558	0.15736591	0.4031609195
559	0.1573380305	0.4037356322
560	0.1573012699	0.4051724138
561	0.1572537815	0.4063218391
562	0.1572107781	0.4057471264
563	0.1571858914	0.4051724138
564	0.1571566072	0.4048850575
565	0.1571264716	0.4051724138
566	0.1571117969	0.4048850575
567	0.1570888503	0.4051724138
568	0.1570554877	0.4048850575
569	0.1570274315	0.4043103448
570	0.1570048517	0.4048850575
571	0.1569700212	0.4040229885
572	0.1569685957	0.4043103448
573	0.1569425354	0.4043103448
574	0.1569207909	0.4043103448
575	0.1568992258	0.4040229885
576	0.1568542391	0.4045977011
577	0.1568172147	0.4040229885
578	0.1567963669	0.4048850575
579	0.1567607975	0.4048850575
580	0.1567225114	0.4054597701
581	0.1566823721	0.4063218391
582	0.156640834	0.4066091954
583	0.1565977251	0.4063218391
584	0.156564206	0.4066091954
585	0.1565472091	0.4066091954
586	0.1565110098	0.4066091954
587	0.1565096789	0.4066091954
588	0.15650836	0.4066091954
589	0.1565071238	0.4066091954
590	0.1564789025	0.4063218391
591	0.1564527477	0.407183908
592	0.1564148761	0.4066091954
593	0.156380379	0.4068965517
594	0.1563474204	0.4068965517
595	0.1563197654	0.4066091954
596	0.1563183714	0.4068965517
597	0.1562867317	0.4066091954
598	0.156270447	0.4066091954
599	0.1562357808	0.4066091954
600	0.156213658	0.4066091954
601	0.1561723646	0.4068965517
602	0.1561489666	0.4068965517
603	0.1561219873	0.407183908
604	0.1560900431	0.4068965517
605	0.1560621887	0.407183908
606	0.1560311465	0.4074712644
607	0.1559940016	0.4074712644
608	0.1559460837	0.4077586207
609	0.1559121195	0.4074712644
610	0.1558782128	0.408045977
611	0.1558405456	0.4083333333
612	0.1558270412	0.4086206897
613	0.1557903785	0.4083333333
614	0.1557539759	0.4086206897
615	0.15572701	0.4083333333
616	0.1556926437	0.4083333333
617	0.1556492113	0.408908046
618	0.1556243296	0.4094827586
619	0.1555993905	0.4100574713
620	0.1555758528	0.4100574713
621	0.1555378939	0.4103448276
622	0.1555060329	0.4103448276
623	0.1555047849	0.4103448276
624	0.1554868264	0.4103448276
625	0.1554670741	0.4100574713
626	0.1554361161	0.4100574713
627	0.1553965356	0.4100574713
628	0.1553620424	0.4100574713
629	0.1553264317	0.4100574713
630	0.1552979715	0.4103448276
631	0.1552550558	0.4106321839
632	0.1552355393	0.4106321839
633	0.1552041475	0.4106321839
634	0.1551706195	0.4103448276
635	0.1551261696	0.4103448276
636	0.1551050432	0.4106321839
637	0.1550871137	0.4106321839
638	0.1550638861	0.4109195402
639	0.155035752	0.4109195402
640	0.1550031554	0.4106321839
641	0.1549948031	0.4106321839
642	0.1549678665	0.4109195402
643	0.1549586802	0.4112068966
644	0.1549155927	0.4117816092
645	0.1548838948	0.4114942529
646	0.1548523939	0.4109195402
647	0.1548221476	0.4109195402
648	0.1547725065	0.4117816092
649	0.1547282621	0.4114942529
650	0.1546847038	0.4129310345
651	0.1546500197	0.4129310345
652	0.1545962316	0.4129310345
653	0.1545758386	0.4129310345
654	0.1545398407	0.4129310345
655	0.1545032552	0.4129310345
656	0.1544510549	0.4135057471
657	0.1544223249	0.4135057471
658	0.1544095962	0.4135057471
659	0.1543764296	0.4135057471
660	0.1543394196	0.4135057471
661	0.1543085054	0.4132183908
662	0.1542654827	0.4135057471
663	0.1542324246	0.4140804598
664	0.1542246018	0.4143678161
665	0.1541920936	0.4146551724
666	0.154174002	0.4143678161
667	0.1541231957	0.4143678161
668	0.1540964965	0.4143678161
669	0.1540665822	0.4140804598
670	0.1540332871	0.4146551724
671	0.1540121973	0.4152298851
672	0.1539834516	0.4149425287
673	0.1539447437	0.4146551724
674	0.1539143274	0.4149425287
675	0.1538940366	0.4152298851
676	0.1538767989	0.4158045977
677	0.1538240633	0.416091954
678	0.1537960904	0.4163793103
679	0.1537674127	0.4166666667
680	0.1537479607	0.4172413793
681	0.1537154504	0.417816092
682	0.1536720954	0.4183908046
683	0.1536394411	0.4186781609
684	0.1535902926	0.4181034483
685	0.153543912	0.4186781609
686	0.1535092415	0.4192528736
687	0.1534859723	0.4195402299
688	0.1534494797	0.4195402299
689	0.1534196488	0.4192528736
690	0.1533886899	0.4186781609
691	0.1533669824	0.4192528736
692	0.153319449	0.4195402299
693	0.1532891123	0.4198275862
694	0.1532571839	0.4201149425
695	0.1532245574	0.4206896552
696	0.1531771415	0.4198275862
697	0.1531479597	0.4206896552
698	0.1531467228	0.4206896552
699	0.1531103182	0.4206896552
700	0.1530936442	0.4206896552
701	0.1530717395	0.4204022989
702	0.1530532899	0.4201149425
703	0.153011234	0.4201149425
704	0.152971554	0.4195402299
705	0.1529463878	0.4198275862
706	0.1529191462	0.4201149425
707	0.1528951397	0.4201149425
708	0.1528605715	0.4201149425
709	0.1528593779	0.4201149425
710	0.1528362085	0.4201149425
711	0.1527907545	0.4204022989
712	0.1527655948	0.4204022989
713	0.1527290664	0.4206896552
714	0.1527000813	0.4206896552
715	0.1526572829	0.4206896552
716	0.1526479474	0.4206896552
717	0.1526101657	0.4206896552
718	0.1525809633	0.4206896552
719	0.1525430238	0.4209770115
720	0.1525175709	0.4215517241
721	0.1524910504	0.4212643678
722	0.1524900338	0.4212643678
723	0.1524581464	0.4215517241
724	0.1524571124	0.4215517241
725	0.152455852	0.4215517241
726	0.1524382988	0.4215517241
727	0.1524026999	0.4215517241
728	0.1523705848	0.4215517241
729	0.1523370431	0.4215517241
730	0.1523136635	0.4218390805
731	0.1522812678	0.4215517241
732	0.1522382834	0.4221264368
733	0.1522065634	0.4221264368
734	0.152176566	0.4218390805
735	0.1521340459	0.4215517241
736	0.1521024583	0.4215517241
737	0.1520786698	0.4215517241
738	0.1520537123	0.4215517241
739	0.1520287535	0.4218390805
740	0.1520276355	0.4218390805
741	0.1520044794	0.4221264368
742	0.1519753983	0.4221264368
743	0.1519312049	0.4221264368
744	0.1519045954	0.4224137931
745	0.1518877855	0.4221264368
746	0.1518707899	0.4221264368
747	0.1518461029	0.4218390805
748	0.1518141308	0.4227011494
749	0.1518040954	0.4227011494
750	0.1517685023	0.4229885057
751	0.1517236632	0.4227011494
752	0.1516901006	0.4229885057
753	0.1516626029	0.4229885057
754	0.1516189951	0.4232758621
755	0.15158788	0.4229885057
756	0.1515432828	0.4227011494
757	0.1515036606	0.4232758621
758	0.1514703682	0.4232758621
759	0.1514528904	0.4232758621
760	0.1514347377	0.4235632184
761	0.151397373	0.4235632184
762	0.1513522996	0.4235632184
763	0.151328413	0.4238505747
764	0.1512828552	0.4238505747
765	0.1512817909	0.4238505747
766	0.1512808015	0.4238505747
767	0.1512446921	0.4244252874
768	0.1512081263	0.4247126437
769	0.151184351	0.4247126437
770	0.1511605036	0.425
771	0.1511117292	0.4247126437
772	0.1510912485	0.4247126437
773	0.1510586162	0.425
774	0.151029028	0.425
775	0.1510272545	0.425
776	0.1510263214	0.425
777	0.1510252006	0.425
778	0.1510240278	0.4252873563
779	0.1510021924	0.425
780	0.1509797279	0.425
781	0.1509788515	0.425
782	0.1509427012	0.4252873563
783	0.1509287117	0.4255747126
784	0.1508943372	0.4255747126
785	0.1508533554	0.425
786	0.1508251057	0.4252873563
787	0.1508023043	0.4255747126
788	0.1507820541	0.425862069
789	0.1507477548	0.4261494253
790	0.1507269141	0.4261494253
791	0.1506982619	0.4261494253
792	0.1506643748	0.4264367816
793	0.1506375158	0.4264367816
794	0.1506124403	0.4261494253
795	0.1505823413	0.4261494253
796	0.1505460318	0.425862069
797	0.1505173864	0.4261494253
798	0.1505142048	0.4261494253
799	0.1504934386	0.4261494253
800	0.1504689755	0.425862069
801	0.1504247768	0.4261494253
802	0.1503996916	0.4261494253
803	0.1503666154	0.4261494253
804	0.1503349387	0.4264367816
805	0.1503009663	0.4267241379
806	0.1502773961	0.4267241379
807	0.1502453938	0.4267241379
808	0.1502089869	0.4270114943
809	0.1501619028	0.4267241379
810	0.1501272049	0.4261494253
811	0.1500992766	0.4264367816
812	0.1500692251	0.4270114943
813	0.1500414291	0.4267241379
814	0.150040695	0.4267241379
815	0.1500157228	0.4275862069
816	0.1499799347	0.4281609195
817	0.1499607433	0.4284482759
818	0.1499423384	0.4284482759
819	0.149893036	0.4281609195
820	0.1498671986	0.4278735632
821	0.1498662381	0.4278735632
822	0.1498353125	0.4275862069
823	0.1497988743	0.4290229885
824	0.1497803182	0.4287356322
825	0.1497422341	0.4293103448
826	0.1497189719	0.4293103448
827	0.1496911226	0.4295977011
828	0.1496708744	0.4293103448
829	0.1496585958	0.4293103448
830	0.149633873	0.4293103448
831	0.149607743	0.4293103448
832	0.149571978	0.4293103448
833	0.149549951	0.4293103448
834	0.1495116	0.4293103448
835	0.1494762929	0.4293103448
836	0.1494385031	0.4287356322
837	0.1493920541	0.4284482759
838	0.1493910768	0.4284482759
839	0.1493566445	0.4293103448
840	0.1493336764	0.4290229885
841	0.1493315746	0.4290229885
842	0.1493308919	0.4290229885
843	0.1493106924	0.4290229885
844	0.1492781901	0.4290229885
845	0.149247766	0.4293103448
846	0.1492242483	0.4293103448
847	0.1491953614	0.4293103448
848	0.1491651012	0.4290229885
849	0.1491398923	0.4295977011
850	0.14910007	0.4295977011
851	0.1490557822	0.4298850575
852	0.1490284944	0.4298850575
853	0.1490047353	0.4298850575
854	0.148978989	0.4301724138
855	0.1489554522	0.4301724138
856	0.1489108909	0.4301724138
857	0.1488912678	0.4301724138
858	0.1488603305	0.4310344828
859	0.1488352483	0.4310344828
860	0.1488048607	0.4313218391
861	0.148763104	0.4310344828
862	0.1487416941	0.4316091954
863	0.1487100351	0.4313218391
864	0.1486898391	0.4316091954
865	0.1486562031	0.4313218391
866	0.148629655	0.4316091954
867	0.1486030343	0.432183908
868	0.1485678399	0.4327586207
869	0.1485266671	0.4327586207
870	0.1484933359	0.4324712644
871	0.1484628499	0.432183908
872	0.1484318666	0.4324712644
873	0.1484131757	0.432183908
874	0.1483953376	0.432183908
875	0.1483625254	0.432183908
876	0.1483430442	0.4327586207
877	0.1482954413	0.4327586207
878	0.1482741001	0.4327586207
879	0.1482475289	0.4327586207
880	0.1482314863	0.4327586207
881	0.1481962333	0.4327586207
882	0.1481780316	0.4327586207
883	0.148141625	0.4327586207
884	0.1481240491	0.4327586207
885	0.1480910716	0.433045977
886	0.1480574322	0.4333333333
887	0.1480302544	0.4336206897
888	0.1479977179	0.4336206897
889	0.1479695683	0.4336206897
890	0.1479435434	0.433908046
891	0.1479115594	0.433908046
892	0.1478908307	0.433908046
893	0.1478684913	0.433908046
894	0.1478357797	0.433908046
895	0.1478039493	0.433908046
896	0.1477764498	0.433908046
897	0.1477444032	0.433908046
898	0.1476993453	0.4333333333
899	0.147658078	0.433908046
900	0.147636601	0.4341954023
901	0.1475953687	0.4341954023
902	0.1475734794	0.4333333333
903	0.1475726755	0.4333333333
904	0.1475453842	0.4333333333
905	0.1474983091	0.4333333333
906	0.1474532642	0.433908046
907	0.1474254287	0.433908046
908	0.1474046478	0.4336206897
909	0.1473767809	0.4336206897
910	0.1473540014	0.4333333333
911	0.147324066	0.433045977
912	0.1472913948	0.433045977
913	0.1472483554	0.433045977
914	0.1472179523	0.4333333333
915	0.147196586	0.4336206897
916	0.1471608697	0.4336206897
917	0.1471198825	0.433908046
918	0.1470950631	0.4336206897
919	0.1470750438	0.4336206897
920	0.1470403189	0.4333333333
921	0.147006625	0.4333333333
922	0.146980553	0.4333333333
923	0.1469513634	0.4333333333
924	0.1469277092	0.4336206897
925	0.1469032056	0.433908046
926	0.1468602208	0.4341954023
927	0.146830407	0.4341954023
928	0.1467930563	0.4347701149
929	0.1467671805	0.4347701149
930	0.1467341066	0.4341954023
931	0.1467006783	0.433908046
932	0.1466824165	0.4341954023
933	0.1466572685	0.4341954023
934	0.1466218441	0.4341954023
935	0.1465883089	0.4341954023
936	0.1465653614	0.4341954023
937	0.1465396908	0.4341954023
938	0.1465125361	0.4344827586
939	0.1464884012	0.4344827586
940	0.1464723209	0.4344827586
941	0.1464267795	0.4344827586
942	0.1464261239	0.4344827586
943	0.146396776	0.4344827586
944	0.1463689707	0.4344827586
945	0.1463391579	0.4344827586
946	0.1463151237	0.4344827586
947	0.1462671521	0.4344827586
948	0.1462251224	0.4347701149
949	0.1462028599	0.4344827586
950	0.1462020295	0.4344827586
951	0.1461898346	0.4347701149
952	0.1461607157	0.4344827586
953	0.1461285997	0.4344827586
954	0.1461278321	0.4344827586
955	0.1461024434	0.4347701149
956	0.1460765034	0.4347701149
957	0.1460606083	0.4347701149
958	0.1460371235	0.4347701149
959	0.1460363676	0.4347701149
960	0.1460041686	0.4347701149
961	0.1459671739	0.4347701149
962	0.1459344371	0.4350574713
963	0.145907986	0.4353448276
964	0.1458871982	0.4356321839
965	0.1458449235	0.4353448276
966	0.1458137823	0.4353448276
967	0.1457683597	0.4356321839
968	0.1457478402	0.4356321839
969	0.145715668	0.4356321839
970	0.1456784159	0.4356321839
971	0.1456584362	0.4367816092
972	0.1456359086	0.4367816092
973	0.1455960864	0.4364942529
974	0.1455537785	0.4364942529
975	0.1455204599	0.4364942529
976	0.145492809	0.4367816092
977	0.1454700232	0.4367816092
978	0.1454471212	0.4367816092
979	0.1454170498	0.4364942529
980	0.1453886364	0.4364942529
981	0.1453547571	0.4364942529
982	0.1453323564	0.4364942529
983	0.1453110705	0.4364942529
984	0.1452836113	0.4364942529
985	0.1452829174	0.4364942529
986	0.1452596969	0.4364942529
987	0.1452270367	0.4370689655
988	0.14520599	0.4370689655
989	0.1451883908	0.4370689655
990	0.1451653897	0.4376436782
991	0.1451388797	0.4373563218
992	0.1451176896	0.4373563218
993	0.1450934181	0.4373563218
994	0.1450660693	0.4373563218
995	0.1450390705	0.4367816092
996	0.1450085774	0.4370689655
997	0.1449692078	0.4370689655
998	0.1449418884	0.4364942529
999	0.144921046	0.4370689655
1000	0.1448922303	0.4373563218
1001	0.1448564273	0.4385057471
1002	0.1448246992	0.4387931034
1003	0.1448076377	0.4390804598
1004	0.1447847638	0.4390804598
1005	0.14476979	0.4390804598
1006	0.1447389578	0.4390804598
1007	0.1447070755	0.4390804598
1008	0.1446850379	0.4390804598
1009	0.1446566174	0.4390804598
1010	0.1446378107	0.4390804598
1011	0.1446117483	0.4390804598
1012	0.144593923	0.4390804598
1013	0.1445615969	0.4390804598
1014	0.1445372055	0.4396551724
1015	0.1445084626	0.4396551724
1016	0.1444860187	0.4396551724
1017	0.1444624798	0.4396551724
1018	0.1444348358	0.4399425287
1019	0.1444151812	0.4399425287
1020	0.1443951473	0.4402298851
1021	0.1443703645	0.4405172414
1022	0.1443441656	0.4408045977
1023	0.1443159253	0.441091954
1024	0.1443021219	0.441091954
1025	0.1442777701	0.441091954
1026	0.1442517921	0.4405172414
1027	0.1442120047	0.4405172414
1028	0.1441963967	0.4405172414
1029	0.1441694007	0.4402298851
1030	0.1441330801	0.4402298851
1031	0.1441088847	0.4402298851
1032	0.1440921806	0.4402298851
1033	0.144062942	0.4402298851
1034	0.1440505138	0.4402298851
1035	0.1440099959	0.4402298851
1036	0.1439905244	0.4402298851
1037	0.1439648376	0.4405172414
1038	0.1439367167	0.4405172414
1039	0.1439158273	0.441091954
1040	0.1439041988	0.441091954
1041	0.1438766503	0.441091954
1042	0.1438469659	0.4408045977
1043	0.1438177859	0.4408045977
1044	0.1437869409	0.4408045977
1045	0.1437603037	0.4408045977
1046	0.1437301644	0.4408045977
1047	0.1437024964	0.4408045977
1048	0.1436843088	0.4408045977
1049	0.1436569836	0.4405172414
1050	0.1436376703	0.4405172414
1051	0.1436081867	0.4413793103
1052	0.1435757874	0.4413793103
1053	0.1435532238	0.4413793103
1054	0.1435223952	0.4413793103
1055	0.1434926171	0.4413793103
1056	0.143470213	0.4413793103
1057	0.143443191	0.4416666667
1058	0.1434204185	0.4416666667
1059	0.1434058162	0.4416666667
1060	0.1433853029	0.4413793103
1061	0.1433697013	0.4413793103
1062	0.1433467818	0.441091954
1063	0.1433187098	0.4413793103
1064	0.143301418	0.4413793103
1065	0.1432748126	0.4416666667
1066	0.143258433	0.4416666667
1067	0.1432313993	0.4413793103
1068	0.1431828731	0.4413793103
1069	0.1431553745	0.4416666667
1070	0.1431294059	0.4416666667
1071	0.1430942964	0.4413793103
1072	0.1430792187	0.4413793103
1073	0.1430514391	0.4416666667
1074	0.1430330615	0.4416666667
1075	0.1430158061	0.4416666667
1076	0.1429932343	0.4416666667
1077	0.1429666904	0.441954023
1078	0.1429465598	0.441954023
1079	0.1429355198	0.441954023
1080	0.1429082853	0.4422413793
1081	0.1428877504	0.4422413793
1082	0.1428725525	0.4422413793
1083	0.1428563225	0.4422413793
1084	0.1428368998	0.441954023
1085	0.1428054084	0.441954023
1086	0.1427807327	0.4422413793
1087	0.1427630274	0.4422413793
1088	0.1427505911	0.441954023
1089	0.1427189588	0.4422413793
1090	0.1426793451	0.4416666667
1091	0.1426584761	0.4416666667
1092	0.1426328912	0.4425287356
1093	0.1426236168	0.4422413793
1094	0.1425988931	0.4425287356
1095	0.1425674486	0.4425287356
1096	0.1425410911	0.4422413793
1097	0.1425185729	0.441954023
1098	0.1424832526	0.441954023
1099	0.1424527913	0.4416666667
1100	0.1424257815	0.4413793103
1101	0.1423996291	0.4425287356
1102	0.1423819982	0.4425287356
1103	0.1423667397	0.4425287356
1104	0.1423423821	0.4425287356
1105	0.1423281985	0.442816092
1106	0.1423130351	0.442816092
1107	0.1422869876	0.442816092
1108	0.1422646508	0.442816092
1109	0.1422406611	0.442816092
1110	0.1422040796	0.441954023
1111	0.1421815206	0.4431034483
1112	0.1421807979	0.4431034483
1113	0.1421800872	0.4431034483
1114	0.1421512181	0.4431034483
1115	0.1421295004	0.4422413793
1116	0.1420870865	0.4431034483
1117	0.1420590485	0.4433908046
1118	0.1420399234	0.4433908046
1119	0.1420204796	0.4431034483
1120	0.1419990159	0.4431034483
1121	0.1419831281	0.4431034483
1122	0.1419592457	0.4433908046
1123	0.1419369537	0.4433908046
1124	0.1419123638	0.4433908046
1125	0.1418912065	0.442816092
1126	0.141861846	0.4425287356
1127	0.1418332653	0.4425287356
1128	0.1418045463	0.4431034483
1129	0.1417756886	0.4431034483
1130	0.1417449111	0.4433908046
1131	0.1417207196	0.4433908046
1132	0.1416961483	0.4436781609
1133	0.141670021	0.4433908046
1134	0.1416478035	0.4436781609
1135	0.1416168128	0.4436781609
1136	0.1415992577	0.4436781609
1137	0.1415763159	0.4445402299
1138	0.1415593726	0.4442528736
1139	0.141540667	0.4442528736
1140	0.1415075584	0.4448275862
1141	0.141488655	0.4448275862
1142	0.1414670641	0.4454022989
1143	0.1414390654	0.4451149425
1144	0.1414106066	0.4451149425
1145	0.1413849841	0.4451149425
1146	0.1413609062	0.4454022989
1147	0.1413427002	0.4454022989
1148	0.1413199298	0.4451149425
1149	0.1412910924	0.4451149425
1150	0.141270694	0.4451149425
1151	0.1412701169	0.4451149425
1152	0.1412314758	0.4454022989
1153	0.1412128147	0.4456896552
1154	0.1411956298	0.4456896552
1155	0.1411692407	0.4456896552
1156	0.1411467985	0.4456896552
1157	0.1411224286	0.4456896552
1158	0.1410915567	0.4456896552
1159	0.1410659147	0.4456896552
1160	0.1410465395	0.4456896552
1161	0.141027367	0.4456896552
1162	0.1410091239	0.4456896552
1163	0.1409874609	0.4459770115
1164	0.1409759549	0.4459770115
1165	0.1409611428	0.4462643678
1166	0.1409468756	0.4462643678
1167	0.1409283694	0.4465517241
1168	0.1408985312	0.4471264368
1169	0.1408732403	0.4471264368
1170	0.1408546965	0.4468390805
1171	0.1408278331	0.4468390805
1172	0.1407951669	0.4462643678
1173	0.1407594492	0.4462643678
1174	0.1407378762	0.4465517241
1175	0.1407150304	0.4465517241
1176	0.1407044508	0.4465517241
1177	0.1406812379	0.4465517241
1178	0.1406619512	0.4465517241
1179	0.1406340858	0.4465517241
1180	0.1406129906	0.4468390805
1181	0.1405998072	0.4468390805
1182	0.1405768356	0.4465517241
1183	0.140549618	0.4468390805
1184	0.1405238016	0.4468390805
1185	0.140504579	0.4471264368
1186	0.1404817971	0.4471264368
1187	0.1404610545	0.4471264368
1188	0.1404387271	0.4468390805
1189	0.1404207974	0.4471264368
1190	0.1403992412	0.4471264368
1191	0.1403763202	0.4471264368
1192	0.1403586449	0.4471264368
1193	0.1403303776	0.4471264368
1194	0.1402979817	0.4471264368
1195	0.1402848171	0.4477011494
1196	0.1402653424	0.4477011494
1197	0.1402439933	0.4477011494
1198	0.140208899	0.4471264368
1199	0.1401797564	0.4474137931
1200	0.1401544371	0.4471264368
1201	0.140120813	0.4471264368
1202	0.1400974131	0.4471264368
1203	0.1400667934	0.4471264368
1204	0.1400545838	0.4474137931
1205	0.1400311841	0.4474137931
1206	0.140020066	0.4471264368
1207	0.1399916513	0.4477011494
1208	0.1399625057	0.4477011494
1209	0.1399379718	0.4477011494
1210	0.1398909526	0.4474137931
1211	0.1398596165	0.4477011494
1212	0.1398411191	0.4477011494
1213	0.139821173	0.4477011494
1214	0.1397971126	0.4477011494
1215	0.1397712537	0.4474137931
1216	0.1397643667	0.4474137931
1217	0.1397186602	0.4474137931
1218	0.139693328	0.4479885057
1219	0.1396672743	0.4479885057
1220	0.1396462543	0.4479885057
1221	0.1396242988	0.4479885057
1222	0.1395999905	0.4479885057
1223	0.1395808904	0.4479885057
1224	0.1395611187	0.4479885057
1225	0.1395326227	0.4479885057
1226	0.1395118161	0.4479885057
1227	0.139494586	0.4479885057
1228	0.1394740108	0.4482758621
1229	0.1394337654	0.4479885057
1230	0.1394159637	0.4479885057
1231	0.1393927736	0.4482758621
1232	0.1393634571	0.4482758621
1233	0.1393392105	0.4482758621
1234	0.1393090075	0.4485632184
1235	0.1392902005	0.4485632184
1236	0.139267482	0.4485632184
1237	0.1392459009	0.449137931
1238	0.1392161521	0.4494252874
1239	0.1391859123	0.4494252874
1240	0.1391580937	0.4497126437
1241	0.1391306179	0.4494252874
1242	0.1391014156	0.4494252874
1243	0.1390742149	0.4494252874
1244	0.1390508451	0.4494252874
1245	0.1390293693	0.4494252874
1246	0.1390055058	0.449137931
1247	0.1389869491	0.449137931
1248	0.138971172	0.449137931
1249	0.1389439803	0.4494252874
1250	0.1389432799	0.4494252874
1251	0.1389139675	0.4494252874
1252	0.1388929043	0.4497126437
1253	0.1388640623	0.4494252874
1254	0.138840562	0.4494252874
1255	0.1388168317	0.4494252874
1256	0.1387905885	0.45
1257	0.1387698542	0.45
1258	0.1387426184	0.45
1259	0.1387173757	0.4502873563
1260	0.1386761435	0.4502873563
1261	0.1386360539	0.45
1262	0.1386175616	0.45
1263	0.1385959634	0.45
1264	0.1385680704	0.45
1265	0.1385453227	0.45
1266	0.1385231687	0.45
1267	0.138503714	0.45
1268	0.1384874124	0.45
1269	0.1384690115	0.45
1270	0.1384405194	0.45
1271	0.13841824	0.45
1272	0.1383915286	0.45
1273	0.138362328	0.45
1274	0.1383391606	0.45
1275	0.1383385176	0.45
1276	0.1383100376	0.45
1277	0.13828793	0.45
1278	0.1382578201	0.45
1279	0.1382437494	0.45
1280	0.1382069616	0.45
1281	0.1381781689	0.45
1282	0.1381444928	0.4502873563
1283	0.1381252182	0.4502873563
1284	0.1381140936	0.4502873563
1285	0.1380845871	0.450862069
1286	0.1380583117	0.450862069
1287	0.138041464	0.450862069
1288	0.138023631	0.450862069
1289	0.1379912374	0.4505747126
1290	0.1379674163	0.4514367816
1291	0.1379626186	0.4514367816
1292	0.1379387282	0.4517241379
1293	0.1379112703	0.4514367816
1294	0.1378824994	0.4517241379
1295	0.1378530437	0.4520114943
1296	0.1378256732	0.4520114943
1297	0.1378054139	0.4520114943
1298	0.1377779383	0.4520114943
1299	0.1377511555	0.4520114943
1300	0.1377320729	0.4522988506
1301	0.1377314695	0.4522988506
1302	0.1376980319	0.4520114943
1303	0.1376740891	0.4520114943
1304	0.1376453879	0.4520114943
1305	0.1376242276	0.4520114943
1306	0.1375972016	0.4520114943
1307	0.1375686243	0.4520114943
1308	0.1375598751	0.4520114943
1309	0.1375414188	0.4520114943
1310	0.1375131361	0.4522988506
1311	0.1375020868	0.4522988506
1312	0.1374847041	0.4522988506
1313	0.1374558068	0.4528735632
1314	0.1374350701	0.4528735632
1315	0.1374129288	0.4528735632
1316	0.1373911152	0.4528735632
1317	0.1373755243	0.4528735632
1318	0.1373548493	0.4528735632
1319	0.137345527	0.4528735632
1320	0.137320039	0.4531609195
1321	0.1373028945	0.4528735632
1322	0.1372835465	0.4528735632
1323	0.1372640271	0.4534482759
1324	0.1372456594	0.4534482759
1325	0.1372198983	0.4537356322
1326	0.1371991258	0.4537356322
1327	0.1371829548	0.4537356322
1328	0.1371697336	0.4537356322
1329	0.1371691693	0.4537356322
1330	0.1371519653	0.4537356322
1331	0.1371337551	0.4537356322
1332	0.1371174985	0.4534482759
1333	0.1370964598	0.4534482759
1334	0.1370740566	0.4534482759
1335	0.137050433	0.4537356322
1336	0.1370251512	0.4534482759
1337	0.1369970858	0.4534482759
1338	0.1369717387	0.4537356322
1339	0.1369404456	0.4534482759
1340	0.1369148901	0.4537356322
1341	0.1368820948	0.4537356322
1342	0.1368646231	0.4537356322
1343	0.1368488208	0.4537356322
1344	0.1368176826	0.4540229885
1345	0.1367891966	0.4540229885
1346	0.1367595449	0.4540229885
1347	0.1367340528	0.4537356322
1348	0.1367072267	0.4537356322
1349	0.136682519	0.4540229885
1350	0.1366602414	0.4540229885
1351	0.1366451896	0.4540229885
1352	0.1366092393	0.4537356322
1353	0.1365925029	0.4537356322
1354	0.136573848	0.4537356322
1355	0.1365533583	0.4537356322
1356	0.1365331949	0.4537356322
1357	0.1365150759	0.4543103448
1358	0.1364932798	0.4543103448
1359	0.1364738011	0.4543103448
1360	0.1364541025	0.4543103448
1361	0.1364341046	0.4543103448
1362	0.1364128546	0.4548850575
1363	0.1363942459	0.4551724138
1364	0.1363703815	0.4557471264
1365	0.1363418191	0.4557471264
1366	0.1363249105	0.4557471264
1367	0.1363094172	0.4554597701
1368	0.1362766423	0.4560344828
1369	0.1362575804	0.4560344828
1370	0.1362397227	0.4560344828
1371	0.1362099886	0.4560344828
1372	0.1361833225	0.4560344828
1373	0.1361827811	0.4560344828
1374	0.1361567407	0.4557471264
1375	0.1361266726	0.4557471264
1376	0.1360993938	0.4557471264
1377	0.1360690096	0.4563218391
1378	0.1360465174	0.4563218391
1379	0.1360247771	0.4563218391
1380	0.1359920819	0.4563218391
1381	0.1359688148	0.4563218391
1382	0.1359398995	0.4563218391
1383	0.1359129175	0.4563218391
1384	0.1358960927	0.4563218391
1385	0.1358784353	0.4563218391
1386	0.135856634	0.4563218391
1387	0.1358320121	0.4563218391
1388	0.1358111346	0.4563218391
1389	0.1357841153	0.4566091954
1390	0.1357624791	0.4563218391
1391	0.1357300199	0.4563218391
1392	0.135712747	0.4563218391
1393	0.1356963334	0.4563218391
1394	0.135676441	0.4566091954
1395	0.1356635602	0.4566091954
1396	0.1356630052	0.4566091954
1397	0.1356624951	0.4566091954
1398	0.1356408844	0.4566091954
1399	0.135628522	0.4566091954
1400	0.1356124116	0.4566091954
1401	0.1355932342	0.4566091954
1402	0.1355678481	0.4566091954
1403	0.1355456113	0.4566091954
1404	0.1355269929	0.4566091954
1405	0.1354959687	0.4566091954
1406	0.135475304	0.4566091954
1407	0.1354575312	0.4566091954
1408	0.135434647	0.4566091954
1409	0.1354034179	0.4566091954
1410	0.1353782856	0.4566091954
1411	0.1353557608	0.4566091954
1412	0.1353323091	0.4566091954
1413	0.1353160029	0.4563218391
1414	0.1352860177	0.4563218391
1415	0.1352742361	0.4563218391
1416	0.1352451415	0.4563218391
1417	0.1352298333	0.4563218391
1418	0.1352042897	0.4563218391
1419	0.1351849254	0.4563218391
1420	0.1351628264	0.4563218391
1421	0.1351545258	0.4563218391
1422	0.1351408535	0.4563218391
1423	0.1351193781	0.4563218391
1424	0.1351009827	0.4563218391
1425	0.1350756522	0.4563218391
1426	0.135051266	0.4563218391
1427	0.1350350129	0.4563218391
1428	0.1350134337	0.4563218391
1429	0.1349979297	0.4563218391
1430	0.1349838016	0.4566091954
1431	0.1349563626	0.4566091954
1432	0.1349372698	0.4566091954
1433	0.1349130494	0.4566091954
1434	0.1348982776	0.4563218391
1435	0.1348860019	0.4560344828
1436	0.13484369	0.4566091954
1437	0.134802354	0.4563218391
1438	0.1347822415	0.4563218391
1439	0.1347662501	0.4563218391
1440	0.1347351274	0.4568965517
1441	0.1347136919	0.457183908
1442	0.1346896563	0.4574712644
1443	0.1346686278	0.4574712644
1444	0.1346393689	0.4577586207
1445	0.1346183349	0.4574712644
1446	0.1346008904	0.4574712644
1447	0.1345783833	0.4574712644
1448	0.1345531543	0.4574712644
1449	0.1345525921	0.4574712644
1450	0.134529504	0.4574712644
1451	0.1345112447	0.4574712644
1452	0.1344876901	0.4574712644
1453	0.1344613525	0.4574712644
1454	0.1344493985	0.4574712644
1455	0.1344304965	0.4574712644
1456	0.1344047624	0.4574712644
1457	0.1343965295	0.4574712644
1458	0.1343681491	0.4574712644
1459	0.1343434179	0.4574712644
1460	0.134328139	0.4574712644
1461	0.1343094555	0.4574712644
1462	0.1342940817	0.4574712644
1463	0.1342664098	0.4574712644
1464	0.1342408319	0.4574712644
1465	0.1342160058	0.4577586207
1466	0.1342099747	0.4577586207
1467	0.1341759734	0.458045977
1468	0.1341438482	0.458045977
1469	0.1341163847	0.4577586207
1470	0.1340884862	0.458045977
1471	0.1340673685	0.458045977
1472	0.1340521495	0.4583333333
1473	0.1340284041	0.4583333333
1474	0.1340056695	0.4583333333
1475	0.133986623	0.4583333333
1476	0.1339633745	0.4583333333
1477	0.1339450218	0.4586206897
1478	0.1339215512	0.4586206897
1479	0.1339061647	0.458045977
1480	0.1338793336	0.4586206897
1481	0.1338579535	0.4586206897
1482	0.1338367621	0.4586206897
1483	0.1338362952	0.4586206897
1484	0.1338073734	0.4594827586
1485	0.1337904286	0.4594827586
1486	0.1337746484	0.4594827586
1487	0.133752177	0.4594827586
1488	0.1337284591	0.4594827586
1489	0.1337131816	0.4597701149
1490	0.1336902513	0.4600574713
1491	0.1336758927	0.4603448276
1492	0.1336493873	0.4603448276
1493	0.1336231561	0.4606321839
1494	0.1335992327	0.4603448276
1495	0.1335694335	0.4603448276
1496	0.1335475697	0.4597701149
1497	0.1335227747	0.4597701149
1498	0.1335012217	0.4600574713
1499	0.1334721346	0.4597701149
1500	0.1334588669	0.4600574713
1501	0.1334419336	0.4597701149
1502	0.1334177728	0.4600574713
1503	0.13339595	0.4600574713
1504	0.1333807596	0.4597701149
1505	0.1333615619	0.4597701149
1506	0.1333423838	0.4597701149
1507	0.1333110596	0.4603448276
1508	0.1332950734	0.4603448276
1509	0.1332767679	0.4600574713
1510	0.1332537084	0.4600574713
1511	0.1332285725	0.4606321839
1512	0.1332007454	0.4600574713
1513	0.1331856518	0.4600574713
1514	0.13316766	0.4603448276
1515	0.1331509998	0.4603448276
1516	0.1331294382	0.4606321839
1517	0.1331086341	0.4609195402
1518	0.133099529	0.4606321839
1519	0.1330835763	0.4609195402
1520	0.1330643213	0.4606321839
1521	0.1330486462	0.4603448276
1522	0.1330136496	0.4600574713
1523	0.1329887215	0.4600574713
1524	0.132968272	0.4600574713
1525	0.1329465075	0.4600574713
1526	0.1329231211	0.4600574713
1527	0.1329113428	0.4600574713
1528	0.1328905896	0.4600574713
1529	0.1328694515	0.4600574713
1530	0.1328509174	0.4600574713
1531	0.1328349756	0.4600574713
1532	0.1328198027	0.4603448276
1533	0.1327962624	0.4603448276
1534	0.1327804932	0.4603448276
1535	0.1327626208	0.4606321839
1536	0.1327453269	0.4612068966
1537	0.1327380379	0.4609195402
1538	0.1327303164	0.4609195402
1539	0.1327010598	0.4609195402
1540	0.1326768354	0.4609195402
1541	0.1326529979	0.4612068966
1542	0.1326382577	0.4606321839
1543	0.1326108926	0.4606321839
1544	0.1325869636	0.4606321839
1545	0.1325730076	0.4606321839
1546	0.1325618419	0.4609195402
1547	0.1325539703	0.4609195402
1548	0.1325344884	0.4609195402
1549	0.1325167284	0.4609195402
1550	0.1324949399	0.4606321839
1551	0.1324621041	0.4606321839
1552	0.132436487	0.4612068966
1553	0.1324149771	0.4612068966
1554	0.1323784198	0.4617816092
1555	0.1323533535	0.4617816092
1556	0.1323353245	0.4617816092
1557	0.1323183957	0.4617816092
1558	0.1322947716	0.4617816092
1559	0.1322789667	0.4617816092
1560	0.1322669363	0.4617816092
1561	0.1322446019	0.4614942529
1562	0.1322274541	0.4617816092
1563	0.1322004645	0.4617816092
1564	0.132182752	0.4617816092
1565	0.1321505686	0.4617816092
1566	0.1321338972	0.4614942529
1567	0.1321119161	0.4612068966
1568	0.1320913044	0.4614942529
1569	0.1320765403	0.4614942529
1570	0.1320488314	0.4614942529
1571	0.132019203	0.4614942529
1572	0.1319996053	0.4614942529
1573	0.1319790235	0.4614942529
1574	0.1319619664	0.4614942529
1575	0.1319351962	0.4614942529
1576	0.1319195314	0.4614942529
1577	0.131910761	0.4614942529
1578	0.1318918042	0.4614942529
1579	0.1318742941	0.4614942529
1580	0.1318599355	0.4614942529
1581	0.1318196601	0.4614942529
1582	0.1318036631	0.4614942529
1583	0.1317878841	0.4614942529
1584	0.131770373	0.4614942529
1585	0.1317357685	0.4617816092
1586	0.1317140801	0.4620689655
1587	0.1316951579	0.4617816092
1588	0.1316761737	0.4617816092
1589	0.1316548479	0.4617816092
1590	0.1316361932	0.4617816092
1591	0.1316205908	0.4620689655
1592	0.1316019642	0.4620689655
1593	0.1315756923	0.4620689655
1594	0.1315450417	0.4620689655
1595	0.1315204931	0.4620689655
1596	0.1314976473	0.4617816092
1597	0.1314853286	0.4617816092
1598	0.1314514105	0.4617816092
1599	0.1314196046	0.4617816092
1600	0.1313913517	0.4617816092
1601	0.1313779697	0.4617816092
1602	0.1313605715	0.4620689655
1603	0.1313395217	0.4620689655
1604	0.1313253506	0.4620689655
1605	0.131303066	0.4620689655
1606	0.1312941418	0.4620689655
1607	0.1312791178	0.4620689655
1608	0.1312640254	0.4623563218
1609	0.1312487914	0.4623563218
1610	0.1312358901	0.4623563218
1611	0.1312187584	0.4623563218
1612	0.1311909182	0.4623563218
1613	0.1311754856	0.4623563218
1614	0.1311545132	0.4623563218
1615	0.1311405461	0.4623563218
1616	0.1311271039	0.4623563218
1617	0.1311141151	0.4623563218
1618	0.1311032025	0.4623563218
1619	0.1310954879	0.4626436782
1620	0.1310751716	0.4626436782
1621	0.1310467398	0.4626436782
1622	0.131022205	0.4626436782
1623	0.1310019937	0.4626436782
1624	0.1309876911	0.4626436782
1625	0.1309724665	0.4629310345
1626	0.1309568778	0.4629310345
1627	0.130937853	0.4629310345
1628	0.1309209371	0.4635057471
1629	0.1308970732	0.4635057471
1630	0.1308813581	0.4635057471
1631	0.1308565838	0.4637931034
1632	0.1308299419	0.4637931034
1633	0.1308074679	0.4637931034
1634	0.1307810191	0.4637931034
1635	0.1307608986	0.4637931034
1636	0.1307434623	0.4635057471
1637	0.1307274688	0.4635057471
1638	0.130704381	0.4632183908
1639	0.1306833579	0.4632183908
1640	0.1306546881	0.4635057471
1641	0.1306326316	0.4635057471
1642	0.1306163818	0.4637931034
1643	0.1305903762	0.4637931034
1644	0.1305753803	0.4637931034
1645	0.1305644156	0.4637931034
1646	0.1305538823	0.4637931034
1647	0.1305466014	0.4637931034
1648	0.1305307459	0.4637931034
1649	0.1305078275	0.4637931034
1650	0.1304933191	0.4637931034
1651	0.1304664911	0.4637931034
1652	0.1304466088	0.4637931034
1653	0.1304229856	0.4637931034
1654	0.1303962282	0.4640804598
1655	0.1303788322	0.4640804598
1656	0.1303613041	0.4643678161
1657	0.1303330477	0.4643678161
1658	0.1303248075	0.4643678161
1659	0.1303007183	0.4643678161
1660	0.1302836774	0.4643678161
1661	0.1302631203	0.4640804598
1662	0.1302368425	0.4643678161
1663	0.1302178738	0.4643678161
1664	0.1301925989	0.4640804598
1665	0.1301689318	0.4643678161
1666	0.1301532206	0.4643678161
1667	0.1301366117	0.4643678161
1668	0.1301092627	0.4646551724
1669	0.130077068	0.4649425287
1670	0.1300516368	0.4649425287
1671	0.1300224374	0.4652298851
1672	0.1300113408	0.4652298851
1673	0.1299902291	0.4652298851
1674	0.129978418	0.4649425287
1675	0.1299679941	0.4649425287
1676	0.1299446476	0.4649425287
1677	0.1299283139	0.4652298851
1678	0.1299086936	0.4649425287
1679	0.1298930352	0.4649425287
1680	0.1298738371	0.4649425287
1681	0.1298554466	0.4649425287
1682	0.1298307409	0.4649425287
1683	0.1298128091	0.4649425287
1684	0.129796104	0.4649425287
1685	0.1297729096	0.4649425287
1686	0.1297477412	0.4649425287
1687	0.1297285188	0.4649425287
1688	0.1297150588	0.4649425287
1689	0.1296986182	0.4649425287
1690	0.1296736823	0.4646551724
1691	0.1296542115	0.4646551724
1692	0.1296322483	0.4646551724
1693	0.129608651	0.4646551724
1694	0.1295878644	0.4646551724
1695	0.1295672112	0.4646551724
1696	0.1295575395	0.4646551724
1697	0.1295210815	0.4646551724
1698	0.1295021697	0.4646551724
1699	0.1294842643	0.4646551724
1700	0.1294567147	0.4646551724
1701	0.1294276503	0.4646551724
1702	0.1294009353	0.4646551724
1703	0.1293794519	0.4646551724
1704	0.1293659072	0.4646551724
1705	0.1293654696	0.4646551724
1706	0.1293368679	0.4646551724
1707	0.1293193931	0.4643678161
1708	0.1293040552	0.4643678161
1709	0.1292814412	0.4646551724
1710	0.1292613109	0.4646551724
1711	0.129243214	0.4646551724
1712	0.1292334847	0.4646551724
1713	0.129223223	0.4646551724
1714	0.1292053442	0.4646551724
1715	0.1291844151	0.4646551724
1716	0.1291676896	0.4646551724
1717	0.1291513209	0.4646551724
1718	0.1291416604	0.4646551724
1719	0.1291258513	0.4649425287
1720	0.1291156288	0.4649425287
1721	0.1291047607	0.4649425287
1722	0.1290831079	0.4649425287
1723	0.1290614354	0.4652298851
1724	0.1290406564	0.4646551724
1725	0.1290202149	0.4646551724
1726	0.1290123571	0.4643678161
1727	0.1290007281	0.4649425287
1728	0.1289805672	0.4646551724
1729	0.1289600814	0.4649425287
1730	0.1289502004	0.4652298851
1731	0.1289286069	0.4649425287
1732	0.1289068276	0.4649425287
1733	0.1288835041	0.4652298851
1734	0.1288563128	0.4652298851
1735	0.128833888	0.4652298851
1736	0.128813636	0.4652298851
1737	0.1287946676	0.4652298851
1738	0.12877026	0.4652298851
1739	0.1287433701	0.4652298851
1740	0.128730822	0.4658045977
1741	0.1287106367	0.4658045977
1742	0.1286912558	0.4658045977
1743	0.1286692106	0.4658045977
1744	0.1286521643	0.4658045977
1745	0.1286381823	0.4658045977
1746	0.1286200338	0.4658045977
1747	0.1285978548	0.4658045977
1748	0.128578961	0.4658045977
1749	0.1285547305	0.4658045977
1750	0.1285342182	0.4658045977
1751	0.1285123214	0.466091954
1752	0.1284937968	0.466091954
1753	0.1284805615	0.466091954
1754	0.128465161	0.466091954
1755	0.1284416819	0.4663793103
1756	0.1284198851	0.4663793103
1757	0.1284194703	0.4663793103
1758	0.1284022582	0.4663793103
1759	0.1283869612	0.4663793103
1760	0.1283606543	0.4663793103
1761	0.1283374727	0.4663793103
1762	0.1283181231	0.4663793103
1763	0.1283077805	0.4663793103
1764	0.1282817111	0.4663793103
1765	0.1282648522	0.4663793103
1766	0.1282491601	0.4663793103
1767	0.1282338108	0.4663793103
1768	0.1282258303	0.4663793103
1769	0.1282102064	0.4663793103
1770	0.1281717018	0.4663793103
1771	0.1281436788	0.4666666667
1772	0.128132773	0.4666666667
1773	0.1281235277	0.4666666667
1774	0.1280947692	0.4666666667
1775	0.1280616572	0.466954023
1776	0.1280492731	0.466954023
1777	0.128031342	0.466954023
1778	0.1280052842	0.466954023
1779	0.1279930377	0.466954023
1780	0.1279686276	0.466954023
1781	0.127947295	0.466954023
1782	0.1279349556	0.467816092
1783	0.1279136976	0.467816092
1784	0.1278899834	0.467816092
1785	0.1278737457	0.467816092
1786	0.1278596107	0.467816092
1787	0.1278591805	0.467816092
1788	0.1278443931	0.466954023
1789	0.1278181716	0.466954023
1790	0.1277951804	0.466954023
1791	0.1277730458	0.466954023
1792	0.1277470818	0.466954023
1793	0.1277264508	0.466954023
1794	0.1277256091	0.466954023
1795	0.1277161878	0.466954023
1796	0.1276869693	0.466954023
1797	0.1276748082	0.466954023
1798	0.1276649308	0.466954023
1799	0.1276469083	0.466954023
1800	0.1276298499	0.4666666667
1801	0.127611023	0.4675287356
1802	0.1275950718	0.4675287356
1803	0.1275769165	0.4666666667
1804	0.1275609806	0.4666666667
1805	0.1275382416	0.4675287356
1806	0.127527629	0.4675287356
1807	0.1274968352	0.4681034483
1808	0.1274812315	0.4681034483
1809	0.1274587115	0.4681034483
1810	0.1274456275	0.4681034483
1811	0.1274259525	0.4681034483
1812	0.1274037203	0.4683908046
1813	0.1273852632	0.4683908046
1814	0.1273619771	0.4683908046
1815	0.1273443417	0.4683908046
1816	0.1273230402	0.4683908046
1817	0.1273068476	0.4683908046
1818	0.127275472	0.4683908046
1819	0.1272605469	0.4689655172
1820	0.1272463513	0.4692528736
1821	0.127225488	0.4692528736
1822	0.1272128051	0.4689655172
1823	0.1272015473	0.4689655172
1824	0.1271819873	0.4689655172
1825	0.1271625215	0.4692528736
1826	0.1271441745	0.4689655172
1827	0.1271369467	0.4689655172
1828	0.1271191428	0.4689655172
1829	0.127099589	0.4689655172
1830	0.1270858361	0.4689655172
1831	0.1270643806	0.4692528736
1832	0.1270426479	0.4692528736
1833	0.1270231642	0.4692528736
1834	0.127007575	0.4692528736
1835	0.1269931827	0.4692528736
1836	0.1269722579	0.4695402299
1837	0.1269370466	0.4695402299
1838	0.1269171497	0.4698275862
1839	0.1268956898	0.4698275862
1840	0.1268746794	0.4701149425
1841	0.1268529928	0.4698275862
1842	0.1268374976	0.4704022989
1843	0.126804515	0.4712643678
1844	0.1267887384	0.4712643678
1845	0.1267878744	0.4715517241
1846	0.1267788372	0.4709770115
1847	0.1267578918	0.4709770115
1848	0.1267377469	0.4709770115
1849	0.1267177884	0.4709770115
1850	0.1267173788	0.4709770115
1851	0.126690157	0.4712643678
1852	0.1266714999	0.4712643678
1853	0.1266541581	0.4709770115
1854	0.1266385923	0.4709770115
1855	0.1266149144	0.4712643678
1856	0.1265959835	0.4715517241
1857	0.1265955981	0.4715517241
1858	0.1265781596	0.4715517241
1859	0.1265592314	0.4715517241
1860	0.1265342667	0.4715517241
1861	0.1265210641	0.4715517241
1862	0.1265022555	0.4718390805
1863	0.1264951766	0.4718390805
1864	0.1264802458	0.4718390805
1865	0.1264731512	0.4718390805
1866	0.1264643192	0.4715517241
1867	0.1264510058	0.4715517241
1868	0.1264304402	0.4715517241
1869	0.126415374	0.4718390805
1870	0.1263888536	0.4718390805
1871	0.126378184	0.4718390805
1872	0.1263687365	0.4718390805
1873	0.1263499088	0.4715517241
1874	0.1263237028	0.4715517241
1875	0.1263102305	0.4715517241
1876	0.1262980367	0.4715517241
1877	0.1262887401	0.4715517241
1878	0.126267275	0.4715517241
1879	0.1262487298	0.4715517241
1880	0.1262291558	0.4715517241
1881	0.1262157361	0.4715517241
1882	0.1261994278	0.4712643678
1883	0.1261738905	0.4715517241
1884	0.1261523811	0.4715517241
1885	0.1261314946	0.4715517241
1886	0.1260984265	0.4715517241
1887	0.126071695	0.4715517241
1888	0.1260471781	0.4715517241
1889	0.1260228262	0.4715517241
1890	0.1260044508	0.4715517241
1891	0.1259892371	0.4715517241
1892	0.1259742215	0.4718390805
1893	0.1259488234	0.4718390805
1894	0.1259236917	0.4718390805
1895	0.1259231626	0.4718390805
1896	0.1259009944	0.4721264368
1897	0.1258960799	0.4721264368
1898	0.125885185	0.4721264368
1899	0.1258656674	0.4721264368
1900	0.1258383452	0.4724137931
1901	0.1258292513	0.4724137931
1902	0.1258146154	0.4724137931
1903	0.1258059976	0.4727011494
1904	0.1257950285	0.4727011494
1905	0.1257816549	0.4724137931
1906	0.1257678118	0.4724137931
1907	0.1257628948	0.4729885057
1908	0.1257424034	0.4729885057
1909	0.1257237986	0.4729885057
1910	0.1257028191	0.4727011494
1911	0.1256825493	0.4727011494
1912	0.1256631476	0.4729885057
1913	0.1256448512	0.4729885057
1914	0.1256297903	0.4729885057
1915	0.1256123726	0.4729885057
1916	0.1255914897	0.4729885057
1917	0.1255784401	0.4729885057
1918	0.1255779935	0.4729885057
1919	0.1255566312	0.4727011494
1920	0.1255342789	0.4729885057
1921	0.125528328	0.4729885057
1922	0.1255112273	0.4729885057
1923	0.1255093014	0.4729885057
1924	0.1254961353	0.4727011494
1925	0.1254702261	0.4727011494
1926	0.1254555542	0.4727011494
1927	0.1254432425	0.4729885057
1928	0.1254280806	0.4729885057
1929	0.1254129882	0.4729885057
1930	0.125391418	0.4727011494
1931	0.1253711394	0.4727011494
1932	0.1253576506	0.4727011494
1933	0.1253433768	0.4729885057
1934	0.1253210925	0.4729885057
1935	0.1253077901	0.4735632184
1936	0.1252951855	0.4735632184
1937	0.1252610666	0.4735632184
1938	0.1252462147	0.4735632184
1939	0.1252335029	0.4738505747
1940	0.1252140506	0.474137931
1941	0.1252009607	0.474137931
1942	0.1251819165	0.4744252874
1943	0.1251584681	0.474137931
1944	0.1251353958	0.4738505747
1945	0.1251202241	0.4738505747
1946	0.1251031582	0.474137931
1947	0.1250835608	0.474137931
1948	0.1250661268	0.474137931
1949	0.1250491472	0.474137931
1950	0.125033086	0.4744252874
1951	0.1250225295	0.4744252874
1952	0.1250023351	0.4744252874
1953	0.1249890719	0.4744252874
1954	0.1249739077	0.4744252874
1955	0.1249616994	0.4744252874
1956	0.1249435811	0.4747126437
1957	0.1249330407	0.4747126437
1958	0.1249221922	0.4747126437
1959	0.1249021419	0.4747126437
1960	0.1248988127	0.4747126437
1961	0.1248861368	0.4747126437
1962	0.1248701026	0.4747126437
1963	0.1248553216	0.4747126437
1964	0.1248377155	0.4747126437
1965	0.1248097092	0.4747126437
1966	0.1247917878	0.4747126437
1967	0.1247746613	0.4747126437
1968	0.1247547787	0.4744252874
1969	0.1247319706	0.4744252874
1970	0.1247076488	0.4747126437
1971	0.1246809977	0.475
1972	0.1246630367	0.475
1973	0.1246522723	0.475
1974	0.1246342758	0.475
1975	0.1246190593	0.475
1976	0.1246066438	0.475
1977	0.124589926	0.475
1978	0.1245664601	0.475
1979	0.1245528362	0.475
1980	0.1245368888	0.475
1981	0.1245217107	0.475
1982	0.1245128485	0.475
1983	0.1244845653	0.475
1984	0.1244645326	0.475
1985	0.1244531756	0.475
1986	0.1244361228	0.475
1987	0.1244230457	0.4752873563
1988	0.1244100211	0.4752873563
1989	0.1243852404	0.4752873563
1990	0.1243617319	0.475
1991	0.1243399092	0.475
1992	0.1243243394	0.475
1993	0.1243074798	0.4752873563
1994	0.1242822159	0.4752873563
1995	0.124245009	0.475
1996	0.1242263789	0.475
1997	0.1242116448	0.475
1998	0.1241973754	0.475
1999	0.1241768334	0.475
