iter	PairLogit	AverageGain:top=10
0	0.6883382066	0.2206896552
1	0.6838464748	0.2629310345
2	0.6797238322	0.2729885057
3	0.6756683538	0.2790229885
4	0.67142317	0.2859195402
5	0.6675045024	0.2844827586
6	0.6640785286	0.2859195402
7	0.6605847591	0.2850574713
8	0.6575369571	0.2864942529
9	0.6543190042	0.2870689655
10	0.6513285609	0.2905172414
11	0.6485939939	0.2885057471
12	0.6459009408	0.2905172414
13	0.643521454	0.299137931
14	0.6410097697	0.3
15	0.6386315325	0.3
16	0.6363998266	0.3014367816
17	0.634332732	0.3043103448
18	0.6322847634	0.3063218391
19	0.6301201065	0.3074712644
20	0.628303217	0.3100574713
21	0.6264049521	0.308045977
22	0.6244525442	0.3077586207
23	0.6226129298	0.308045977
24	0.6208289199	0.308045977
25	0.6190983242	0.3094827586
26	0.6175467039	0.3103448276
27	0.615914656	0.3091954023
28	0.6144018307	0.3103448276
29	0.6128113663	0.3112068966
30	0.6113600653	0.3109195402
31	0.6098424408	0.3146551724
32	0.6084426749	0.3143678161
33	0.6069199642	0.3129310345
34	0.6057880567	0.3166666667
35	0.6042938626	0.3189655172
36	0.6030958787	0.3189655172
37	0.6018524266	0.3192528736
38	0.6006672876	0.317816092
39	0.5994108992	0.3192528736
40	0.5979893879	0.3201149425
41	0.596973173	0.3215517241
42	0.5959021156	0.3215517241
43	0.5947368894	0.3204022989
44	0.593554691	0.3238505747
45	0.5925317006	0.324137931
46	0.5912193479	0.3252873563
47	0.5899510092	0.3221264368
48	0.5888447732	0.3232758621
49	0.5877619239	0.3261494253
50	0.586911398	0.325862069
51	0.5858508956	0.3304597701
52	0.584814346	0.3310344828
53	0.5838555095	0.3301724138
54	0.5827602866	0.3301724138
55	0.5817645532	0.333045977
56	0.5807619249	0.332183908
57	0.5799189267	0.3341954023
58	0.5790334542	0.3316091954
59	0.5780364262	0.332183908
60	0.5772706068	0.3327586207
61	0.5764699531	0.3324712644
62	0.5757141157	0.3327586207
63	0.5748380775	0.333908046
64	0.5739405324	0.3327586207
65	0.573138118	0.3344827586
66	0.5723409218	0.3344827586
67	0.5715018887	0.3333333333
68	0.5707623898	0.333045977
69	0.5699003205	0.3341954023
70	0.5690076364	0.3347701149
71	0.5682623783	0.3356321839
72	0.5676150637	0.3353448276
73	0.5668816369	0.333045977
74	0.566090861	0.3336206897
75	0.5652975567	0.3347701149
76	0.564557396	0.3370689655
77	0.5640050995	0.3376436782
78	0.5632672302	0.3367816092
79	0.5623842525	0.3387931034
80	0.5618131391	0.3393678161
81	0.5611508859	0.3393678161
82	0.560421096	0.3385057471
83	0.5597152692	0.3387931034
84	0.5588587119	0.3396551724
85	0.55815777	0.3408045977
86	0.5576434052	0.3393678161
87	0.5569522798	0.3387931034
88	0.5561723147	0.3390804598
89	0.5554998038	0.3393678161
90	0.5548818141	0.3390804598
91	0.554179168	0.3402298851
92	0.5534217185	0.3396551724
93	0.5527052541	0.342816092
94	0.5518873857	0.3422413793
95	0.5512571871	0.3413793103
96	0.5505169617	0.3422413793
97	0.5498223093	0.3431034483
98	0.5492350074	0.3422413793
99	0.548636693	0.341954023
100	0.5479493032	0.342816092
101	0.5472784599	0.3431034483
102	0.5466912821	0.3454022989
103	0.546172938	0.3459770115
104	0.545567032	0.3474137931
105	0.5448423153	0.3468390805
106	0.5443192743	0.3471264368
107	0.543742286	0.3482758621
108	0.5430484194	0.3479885057
109	0.5424922357	0.3485632184
110	0.5419227805	0.3479885057
111	0.5414100093	0.3482758621
112	0.5407841463	0.3474137931
113	0.5401247985	0.3497126437
114	0.5393887627	0.35
115	0.538840088	0.3494252874
116	0.5382496108	0.3505747126
117	0.5376454358	0.3511494253
118	0.5370775707	0.3505747126
119	0.536436637	0.3511494253
120	0.5359248476	0.3520114943
121	0.5352918482	0.3522988506
122	0.5347634081	0.3525862069
123	0.5341550911	0.3531609195
124	0.5335916663	0.3540229885
125	0.5330595111	0.3554597701
126	0.5323368872	0.3543103448
127	0.5318370142	0.3540229885
128	0.5312650011	0.3545977011
129	0.5307208571	0.3548850575
130	0.5301345978	0.3554597701
131	0.5296663138	0.3548850575
132	0.5291309726	0.3554597701
133	0.5285573508	0.3554597701
134	0.527887655	0.3557471264
135	0.5272974435	0.3548850575
136	0.5268235615	0.3551724138
137	0.5262636257	0.3560344828
138	0.525732902	0.3557471264
139	0.5251837374	0.3551724138
140	0.524661965	0.3563218391
141	0.5242349939	0.3545977011
142	0.5237200947	0.3548850575
143	0.5231472656	0.3551724138
144	0.5224971315	0.3557471264
145	0.5219112454	0.3543103448
146	0.5212470134	0.3543103448
147	0.5208107891	0.3545977011
148	0.5202931666	0.3543103448
149	0.5197950552	0.3537356322
150	0.5193697898	0.3537356322
151	0.5189774078	0.3545977011
152	0.5183748312	0.3560344828
153	0.5178466484	0.3554597701
154	0.5173960497	0.3554597701
155	0.5166888837	0.3548850575
156	0.5162134377	0.3560344828
157	0.5158172363	0.3566091954
158	0.5152625624	0.3574712644
159	0.5147758124	0.3568965517
160	0.5143749496	0.3560344828
161	0.513843321	0.3568965517
162	0.5134179652	0.357183908
163	0.5129383415	0.3574712644
164	0.5125439921	0.357183908
165	0.5119147131	0.3583333333
166	0.5114381234	0.3577586207
167	0.5108268408	0.3583333333
168	0.510335661	0.358908046
169	0.5099388047	0.358908046
170	0.509423428	0.358908046
171	0.5090875592	0.358908046
172	0.508464182	0.3600574713
173	0.5078718875	0.3597701149
174	0.5075231208	0.3603448276
175	0.5071258369	0.3606321839
176	0.506689954	0.3620689655
177	0.5059753799	0.3620689655
178	0.5055294977	0.3612068966
179	0.5048793109	0.3614942529
180	0.5043621788	0.3609195402
181	0.5038437125	0.3620689655
182	0.5034021833	0.3637931034
183	0.502918114	0.3632183908
184	0.5025393896	0.3623563218
185	0.5020368193	0.3629310345
186	0.5015593521	0.3635057471
187	0.5009304889	0.3635057471
188	0.5005534939	0.3646551724
189	0.5001651488	0.3646551724
190	0.4997789886	0.3649425287
191	0.4992917629	0.3646551724
192	0.498891192	0.3643678161
193	0.4983044995	0.3649425287
194	0.4977737161	0.3649425287
195	0.4973037739	0.3655172414
196	0.4968251604	0.3655172414
197	0.4963338166	0.3658045977
198	0.4959080513	0.3658045977
199	0.4953937793	0.3666666667
200	0.4950479929	0.3663793103
201	0.4946924032	0.3666666667
202	0.4943895562	0.3675287356
203	0.4938464725	0.3683908046
204	0.4933261483	0.3681034483
205	0.4927747736	0.3704022989
206	0.4921635003	0.3704022989
207	0.4915533081	0.3704022989
208	0.4911115888	0.3695402299
209	0.490792834	0.3692528736
210	0.490398829	0.3698275862
211	0.490032021	0.3706896552
212	0.4895907589	0.3709770115
213	0.4892217118	0.3712643678
214	0.4888022556	0.3715517241
215	0.4884371286	0.3709770115
216	0.4880231274	0.3706896552
217	0.487531666	0.3706896552
218	0.4871424758	0.3712643678
219	0.4865490676	0.3709770115
220	0.4861260922	0.3709770115
221	0.4857427863	0.3718390805
222	0.4853203003	0.3718390805
223	0.4849876144	0.3715517241
224	0.4845989167	0.3721264368
225	0.48402854	0.3724137931
226	0.4836082361	0.3729885057
227	0.4831358774	0.3721264368
228	0.4826737434	0.3727011494
229	0.4821695039	0.3729885057
230	0.4817676901	0.3735632184
231	0.4811544526	0.3744252874
232	0.4806527892	0.3744252874
233	0.4802579286	0.3747126437
234	0.4799058492	0.374137931
235	0.4795033866	0.3752873563
236	0.4791955745	0.3752873563
237	0.4785590023	0.3752873563
238	0.4781059519	0.375862069
239	0.4776311019	0.3752873563
240	0.4770488941	0.3764367816
241	0.476594657	0.3755747126
242	0.4762620351	0.3755747126
243	0.4758253174	0.3764367816
244	0.4755378976	0.3764367816
245	0.4752399774	0.3764367816
246	0.4748781374	0.3764367816
247	0.4745447243	0.3767241379
248	0.474149718	0.3767241379
249	0.4736535535	0.3772988506
250	0.4732859197	0.3775862069
251	0.4729163841	0.3775862069
252	0.4725580618	0.3775862069
253	0.4720557361	0.3784482759
254	0.4716736262	0.3787356322
255	0.4712969772	0.3784482759
256	0.4708908575	0.3787356322
257	0.4703776141	0.3784482759
258	0.470006293	0.3781609195
259	0.4695504122	0.3784482759
260	0.4692568351	0.3790229885
261	0.4687776903	0.3784482759
262	0.4683805913	0.3790229885
263	0.467876673	0.3793103448
264	0.4675537571	0.3801724138
265	0.4671263461	0.3790229885
266	0.4666084109	0.3798850575
267	0.4662350137	0.3810344828
268	0.4658916723	0.3807471264
269	0.46542561	0.3810344828
270	0.4650443173	0.3813218391
271	0.4647076853	0.3813218391
272	0.4645521754	0.3810344828
273	0.4641453254	0.3810344828
274	0.4637567097	0.382183908
275	0.4633130665	0.3816091954
276	0.463104063	0.3824712644
277	0.4625636264	0.3810344828
278	0.4622021558	0.3816091954
279	0.4618660422	0.3810344828
280	0.461546449	0.3816091954
281	0.4610363042	0.3813218391
282	0.4607645165	0.3818965517
283	0.4603332413	0.3816091954
284	0.4600198742	0.3818965517
285	0.4594928251	0.3818965517
286	0.4591991986	0.382183908
287	0.4588448776	0.3827586207
288	0.4584835125	0.3827586207
289	0.4581225728	0.3836206897
290	0.4577623835	0.3836206897
291	0.4573244441	0.3844827586
292	0.4569914867	0.3836206897
293	0.4565855976	0.3836206897
294	0.4561546992	0.3836206897
295	0.4556437048	0.383908046
296	0.4553092291	0.383908046
297	0.4550148674	0.3844827586
298	0.4545335748	0.3844827586
299	0.454152781	0.3850574713
300	0.4537768599	0.3856321839
301	0.4532631605	0.3856321839
302	0.4529579822	0.3859195402
303	0.4525187915	0.3856321839
304	0.4521960324	0.3856321839
305	0.4518268686	0.3864942529
306	0.4514684802	0.3864942529
307	0.4510668071	0.3873563218
308	0.4507120997	0.3876436782
309	0.450315363	0.3870689655
310	0.4498831413	0.3856321839
311	0.4494737672	0.3856321839
312	0.4492309359	0.3859195402
313	0.4488628095	0.3859195402
314	0.4486158624	0.3862068966
315	0.448279921	0.3859195402
316	0.4479218748	0.3862068966
317	0.4475242902	0.3859195402
318	0.4471511025	0.3864942529
319	0.4467784322	0.3862068966
320	0.446322054	0.3870689655
321	0.4460320194	0.3870689655
322	0.4456673582	0.3870689655
323	0.4452788216	0.3864942529
324	0.4448170173	0.3870689655
325	0.4444864531	0.3870689655
326	0.4441299727	0.3867816092
327	0.4437889929	0.3870689655
328	0.4434807605	0.3870689655
329	0.4430662409	0.3864942529
330	0.4426233993	0.3870689655
331	0.4421347048	0.3870689655
332	0.4417614892	0.3876436782
333	0.4413459185	0.3876436782
334	0.4408267595	0.3876436782
335	0.4404750334	0.3876436782
336	0.4401485858	0.3876436782
337	0.4397828383	0.3876436782
338	0.4394597046	0.3882183908
339	0.4390858221	0.3885057471
340	0.4386952167	0.3882183908
341	0.4383766294	0.3876436782
342	0.4379672008	0.3876436782
343	0.4376056298	0.3882183908
344	0.4373795028	0.3876436782
345	0.4369520759	0.3876436782
346	0.4366791019	0.3876436782
347	0.4362966417	0.3870689655
348	0.4358459176	0.3867816092
349	0.4355276915	0.3867816092
350	0.4351405228	0.3870689655
351	0.4347738295	0.3882183908
352	0.4344628428	0.3879310345
353	0.4342423994	0.3873563218
354	0.4338329231	0.3864942529
355	0.4335312112	0.3870689655
356	0.4331528301	0.3867816092
357	0.4328461924	0.3879310345
358	0.432502225	0.3876436782
359	0.4321313066	0.3879310345
360	0.4316761828	0.3879310345
361	0.4314274436	0.3885057471
362	0.431137422	0.3890804598
363	0.430849256	0.3890804598
364	0.4304216647	0.3899425287
365	0.4299254276	0.3896551724
366	0.4295036105	0.3896551724
367	0.4291730394	0.3896551724
368	0.4289381806	0.3896551724
369	0.4285715722	0.3899425287
370	0.4282085006	0.3899425287
371	0.427858682	0.3908045977
372	0.4275526418	0.3916666667
373	0.4271200457	0.3913793103
374	0.4267401928	0.391091954
375	0.4264572081	0.391091954
376	0.4260947037	0.391091954
377	0.4256866159	0.3913793103
378	0.4254609	0.391954023
379	0.4252225452	0.391954023
380	0.4247782108	0.392816092
381	0.4244952796	0.392816092
382	0.424133718	0.3931034483
383	0.4238122439	0.3931034483
384	0.4234520339	0.3925287356
385	0.4231227141	0.392816092
386	0.4228718671	0.392816092
387	0.4224488318	0.3931034483
388	0.4220899104	0.3933908046
389	0.4216889445	0.3939655172
390	0.4213557552	0.3939655172
391	0.4210269039	0.392816092
392	0.4206975975	0.3933908046
393	0.420419146	0.3939655172
394	0.4201335548	0.3933908046
395	0.4197243228	0.3922413793
396	0.4193173177	0.3925287356
397	0.4189850459	0.3931034483
398	0.4187622446	0.3933908046
399	0.4184766261	0.3936781609
400	0.4181096126	0.3936781609
401	0.4178348056	0.3939655172
402	0.4175016362	0.3931034483
403	0.4171685305	0.3933908046
404	0.4169204383	0.3933908046
405	0.4166616817	0.3936781609
406	0.4163108003	0.3936781609
407	0.4159178717	0.3942528736
408	0.4157144386	0.3945402299
409	0.4154311366	0.3951149425
410	0.4152385133	0.3954022989
411	0.414855313	0.3959770115
412	0.4144629135	0.3959770115
413	0.4140972429	0.3968390805
414	0.4138218231	0.3965517241
415	0.4135001869	0.3965517241
416	0.4132209737	0.3974137931
417	0.4130719087	0.3965517241
418	0.4127179393	0.3971264368
419	0.412362785	0.3971264368
420	0.4120218908	0.3968390805
421	0.4116907097	0.3965517241
422	0.4114416931	0.3959770115
423	0.4111365154	0.3965517241
424	0.4109175833	0.3962643678
425	0.4106298105	0.3968390805
426	0.4103383921	0.3968390805
427	0.4100340418	0.3971264368
428	0.40973478	0.3971264368
429	0.4094048328	0.3968390805
430	0.4089884474	0.3974137931
431	0.4087295591	0.3971264368
432	0.4083208302	0.3971264368
433	0.4080100462	0.3977011494
434	0.4076418384	0.3977011494
435	0.4073412418	0.3974137931
436	0.4070135046	0.3974137931
437	0.4067138529	0.3979885057
438	0.4063286483	0.3977011494
439	0.4060225945	0.3971264368
440	0.4057092701	0.3968390805
441	0.405403154	0.3979885057
442	0.4050536201	0.3979885057
443	0.404886358	0.3982758621
444	0.404539393	0.3979885057
445	0.4042799388	0.3974137931
446	0.4041029343	0.3979885057
447	0.4037538313	0.3979885057
448	0.4034415398	0.3985632184
449	0.4031632723	0.3985632184
450	0.4028148931	0.3985632184
451	0.402553042	0.399137931
452	0.4022816107	0.3997126437
453	0.4019924939	0.3994252874
454	0.4017329647	0.400862069
455	0.4014316495	0.4005747126
456	0.4010342066	0.4005747126
457	0.4005703622	0.400862069
458	0.4002338193	0.400862069
459	0.3999181451	0.4011494253
460	0.3995379351	0.4020114943
461	0.3993326833	0.4020114943
462	0.399025053	0.4020114943
463	0.3987665553	0.4020114943
464	0.3985303445	0.4011494253
465	0.3982200763	0.400862069
466	0.3978887647	0.400862069
467	0.3975898441	0.4005747126
468	0.397162271	0.4005747126
469	0.3968243768	0.4014367816
470	0.3964691953	0.4005747126
471	0.3961757318	0.400862069
472	0.3959380977	0.4011494253
473	0.3956780077	0.4005747126
474	0.3954161859	0.4014367816
475	0.3952791556	0.4014367816
476	0.3949773372	0.4017241379
477	0.3947033787	0.4011494253
478	0.3945182192	0.400862069
479	0.3943133188	0.400862069
480	0.3939821245	0.4017241379
481	0.3937053716	0.4020114943
482	0.3933993019	0.4022988506
483	0.3930808809	0.4022988506
484	0.392723338	0.4025862069
485	0.3924188735	0.4028735632
486	0.3922050878	0.4031609195
487	0.3919652431	0.4031609195
488	0.3917108196	0.4031609195
489	0.3914856174	0.4034482759
490	0.3911832245	0.4040229885
491	0.3907920008	0.4040229885
492	0.3905541254	0.4037356322
493	0.3903626623	0.4037356322
494	0.3901516443	0.4043103448
495	0.390017136	0.4043103448
496	0.3898706401	0.4043103448
497	0.3895696581	0.4043103448
498	0.389414938	0.4037356322
499	0.3891104438	0.4043103448
500	0.3886260986	0.4043103448
501	0.3883167655	0.4043103448
502	0.3880896777	0.4043103448
503	0.3877335577	0.4043103448
504	0.3873837474	0.4048850575
505	0.3870779558	0.4051724138
506	0.3867652322	0.4048850575
507	0.3864415861	0.4048850575
508	0.3861522766	0.4048850575
509	0.3857423462	0.4051724138
510	0.3854990286	0.4054597701
511	0.3852901953	0.4057471264
512	0.3849629129	0.4057471264
513	0.3846972436	0.4057471264
514	0.3844767123	0.4060344828
515	0.3841547654	0.4063218391
516	0.3839607151	0.4068965517
517	0.3836780303	0.4066091954
518	0.3833539713	0.4051724138
519	0.3830869512	0.4063218391
520	0.3828132033	0.4066091954
521	0.382373284	0.4060344828
522	0.3822164096	0.4060344828
523	0.3819659239	0.4063218391
524	0.3817156978	0.4068965517
525	0.3815450033	0.4063218391
526	0.3813173466	0.4057471264
527	0.3810459844	0.4040229885
528	0.3807094314	0.4048850575
529	0.3805411711	0.4054597701
530	0.3802997254	0.4045977011
531	0.3800189751	0.4051724138
532	0.3798122368	0.4051724138
533	0.3794875959	0.4054597701
534	0.3791786471	0.4054597701
535	0.3788581067	0.4054597701
536	0.3785583043	0.4057471264
537	0.3782652285	0.4060344828
538	0.3780237756	0.4060344828
539	0.3777097926	0.4060344828
540	0.3775256293	0.4051724138
541	0.3772752258	0.4051724138
542	0.3770308365	0.4054597701
543	0.3767538652	0.4063218391
544	0.3764351248	0.4063218391
545	0.3762064221	0.4063218391
546	0.3758483088	0.4060344828
547	0.3756458333	0.4060344828
548	0.3754047796	0.4060344828
549	0.3751450814	0.4066091954
550	0.3748893659	0.4063218391
551	0.3746818088	0.4063218391
552	0.3742971747	0.4066091954
553	0.3739828921	0.407183908
554	0.3737276169	0.408045977
555	0.373481822	0.4077586207
556	0.373246627	0.408045977
557	0.3729261613	0.4077586207
558	0.3726687921	0.4077586207
559	0.3723831368	0.408045977
560	0.3721215619	0.408045977
561	0.3719390622	0.408045977
562	0.3717153259	0.4086206897
563	0.3714115353	0.4086206897
564	0.3712099026	0.4091954023
565	0.3709273106	0.4097701149
566	0.3707093952	0.4091954023
567	0.3704357595	0.4106321839
568	0.3702513577	0.4100574713
569	0.3699053158	0.4100574713
570	0.3695680718	0.4103448276
571	0.3692657965	0.4109195402
572	0.3690895496	0.4109195402
573	0.368791801	0.4112068966
574	0.3684358704	0.4103448276
575	0.3682043133	0.4109195402
576	0.3679179241	0.4106321839
577	0.3677092711	0.4106321839
578	0.3674553518	0.4112068966
579	0.3672216172	0.4112068966
580	0.3669068129	0.4117816092
581	0.3665927269	0.4112068966
582	0.3663092363	0.4106321839
583	0.3659841086	0.4109195402
584	0.365771824	0.4109195402
585	0.3654919872	0.4106321839
586	0.3651958142	0.4097701149
587	0.3649240278	0.4106321839
588	0.3646185095	0.4114942529
589	0.3643159701	0.4114942529
590	0.3641012383	0.4114942529
591	0.3638506606	0.4117816092
592	0.3635432068	0.4117816092
593	0.3631987057	0.4117816092
594	0.3629872374	0.4117816092
595	0.3626787775	0.4112068966
596	0.3624169203	0.4129310345
597	0.3621554027	0.4126436782
598	0.3618705268	0.4129310345
599	0.3616453216	0.4129310345
600	0.3613833502	0.4129310345
601	0.3611513202	0.4132183908
602	0.3609623527	0.4135057471
603	0.3607702797	0.4135057471
604	0.3604603472	0.4129310345
605	0.3601381658	0.4135057471
606	0.3599029906	0.4137931034
607	0.3596678983	0.4135057471
608	0.3594579117	0.4135057471
609	0.3592245313	0.4135057471
610	0.359023537	0.4135057471
611	0.3587254546	0.4132183908
612	0.3585049331	0.4135057471
613	0.358256013	0.4137931034
614	0.3580246282	0.4140804598
615	0.3578226235	0.4140804598
616	0.3575522401	0.4135057471
617	0.3572467203	0.4137931034
618	0.3569851669	0.4137931034
619	0.3567283593	0.4140804598
620	0.3564629018	0.4143678161
621	0.3561715179	0.4146551724
622	0.3559030173	0.4152298851
623	0.3556855216	0.4155172414
624	0.3554776195	0.4152298851
625	0.3551312189	0.4152298851
626	0.3548218441	0.416091954
627	0.3545965747	0.4166666667
628	0.354324842	0.4163793103
629	0.3540806493	0.4163793103
630	0.3537702352	0.416954023
631	0.3535819517	0.4166666667
632	0.3533464241	0.4172413793
633	0.3530553075	0.4172413793
634	0.3528919486	0.4172413793
635	0.3525574204	0.4172413793
636	0.3523115222	0.4172413793
637	0.3520300853	0.4172413793
638	0.3517586765	0.4175287356
639	0.3515905091	0.416954023
640	0.3514379898	0.4172413793
641	0.3512017217	0.4172413793
642	0.3509952552	0.4172413793
643	0.3506675812	0.4183908046
644	0.3505099797	0.4183908046
645	0.3503293445	0.4183908046
646	0.3502086727	0.4181034483
647	0.3499032907	0.4181034483
648	0.3496977497	0.4181034483
649	0.3494184522	0.4181034483
650	0.3492456848	0.4181034483
651	0.3490066706	0.4181034483
652	0.3488072412	0.417816092
653	0.348650205	0.4181034483
654	0.3483207653	0.4181034483
655	0.3480676602	0.417816092
656	0.3478842077	0.417816092
657	0.3476566218	0.4175287356
658	0.3473902085	0.417816092
659	0.3472003984	0.4181034483
660	0.346988215	0.4175287356
661	0.3466907662	0.4181034483
662	0.3464730286	0.4181034483
663	0.3462472511	0.4189655172
664	0.3460288807	0.4192528736
665	0.3457576416	0.4189655172
666	0.3454934687	0.4195402299
667	0.3452050038	0.4195402299
668	0.3449676223	0.4195402299
669	0.3446799183	0.4189655172
670	0.3444152262	0.4189655172
671	0.3441693445	0.4189655172
672	0.3440218076	0.4192528736
673	0.3437881296	0.4192528736
674	0.3435867047	0.4201149425
675	0.3433866645	0.4198275862
676	0.343147346	0.4198275862
677	0.3429486177	0.4192528736
678	0.3426148119	0.4195402299
679	0.3424394762	0.4195402299
680	0.3421446097	0.4195402299
681	0.3419072338	0.4201149425
682	0.3416696978	0.4198275862
683	0.3414853356	0.4198275862
684	0.3412060553	0.4204022989
685	0.3408857923	0.4204022989
686	0.3406535286	0.4204022989
687	0.3404633839	0.4206896552
688	0.3402522899	0.4212643678
689	0.3400393824	0.4209770115
690	0.3398148707	0.4206896552
691	0.3396219686	0.4206896552
692	0.3393505426	0.4206896552
693	0.3390548708	0.4204022989
694	0.3388811012	0.4206896552
695	0.3385916293	0.4204022989
696	0.3383338153	0.4198275862
697	0.3381206992	0.4198275862
698	0.3379467825	0.4198275862
699	0.3377323602	0.4198275862
700	0.3374623654	0.4201149425
701	0.3373100366	0.4198275862
702	0.3370616073	0.4206896552
703	0.3368635086	0.4206896552
704	0.3365914913	0.4209770115
705	0.3364089966	0.4206896552
706	0.3362244011	0.4209770115
707	0.3360557825	0.4206896552
708	0.3359184102	0.4204022989
709	0.3356837687	0.4212643678
710	0.3354866813	0.4212643678
711	0.3353023248	0.4212643678
712	0.3351347392	0.4224137931
713	0.3350355291	0.4227011494
714	0.3348973122	0.4227011494
715	0.3346775405	0.4224137931
716	0.3344918243	0.4218390805
717	0.3342702401	0.4224137931
718	0.3339973166	0.4224137931
719	0.3338195465	0.4227011494
720	0.3336106447	0.4229885057
721	0.3333482102	0.4224137931
722	0.3330806193	0.4232758621
723	0.3328765835	0.4235632184
724	0.3326243125	0.4238505747
725	0.3324663216	0.4224137931
726	0.3322754539	0.4224137931
727	0.3319962876	0.4227011494
728	0.3318630696	0.4227011494
729	0.3317258882	0.4229885057
730	0.3314564227	0.4244252874
731	0.3312382871	0.4229885057
732	0.3309989686	0.4238505747
733	0.3307434785	0.4244252874
734	0.330464218	0.425
735	0.3302460847	0.4247126437
736	0.3300727065	0.424137931
737	0.3297859864	0.425
738	0.329551459	0.424137931
739	0.329338545	0.4247126437
740	0.3291456698	0.424137931
741	0.3289657891	0.4244252874
742	0.3287380739	0.4247126437
743	0.3285267129	0.4247126437
744	0.3282991689	0.4244252874
745	0.3281090288	0.4244252874
746	0.327864609	0.4247126437
747	0.3276091943	0.425862069
748	0.3273624733	0.4255747126
749	0.3271916811	0.425862069
750	0.3270104754	0.425862069
751	0.3268170873	0.4264367816
752	0.3266221622	0.4267241379
753	0.3264324647	0.4270114943
754	0.3261837605	0.4272988506
755	0.3259723017	0.4270114943
756	0.3258020914	0.4272988506
757	0.3255839892	0.4270114943
758	0.3253558865	0.4270114943
759	0.3252342094	0.4275862069
760	0.3250507734	0.4275862069
761	0.3248311931	0.4275862069
762	0.3244909294	0.4278735632
763	0.3242987881	0.4281609195
764	0.3241166932	0.4278735632
765	0.3239002179	0.4278735632
766	0.3236802556	0.4278735632
767	0.3234083216	0.4278735632
768	0.3232148105	0.4275862069
769	0.3229800885	0.4278735632
770	0.3227392614	0.4281609195
771	0.3225259509	0.4281609195
772	0.3223686026	0.4281609195
773	0.3221339509	0.4284482759
774	0.3219547338	0.4281609195
775	0.3217496776	0.4287356322
776	0.321632688	0.4281609195
777	0.3214544114	0.4275862069
778	0.3211981431	0.4270114943
779	0.3209640753	0.4275862069
780	0.3208207951	0.4272988506
781	0.3207192997	0.4272988506
782	0.3205457899	0.4270114943
783	0.3204018899	0.4270114943
784	0.3201552543	0.4270114943
785	0.3199544168	0.4272988506
786	0.3197186327	0.4272988506
787	0.3195193985	0.4272988506
788	0.3193944671	0.4272988506
789	0.3191756728	0.4272988506
790	0.3189437004	0.4275862069
791	0.3187571102	0.4275862069
792	0.3185548434	0.4275862069
793	0.3183118529	0.4272988506
794	0.3180419717	0.4278735632
795	0.3179135375	0.4278735632
796	0.3177402243	0.4278735632
797	0.3175501111	0.4284482759
798	0.3173352276	0.4284482759
799	0.317143964	0.4284482759
800	0.3169009575	0.4281609195
801	0.3166932021	0.4287356322
802	0.3164987857	0.4281609195
803	0.3162940415	0.4284482759
804	0.3160575095	0.4287356322
805	0.3158211058	0.4284482759
806	0.3156024306	0.4281609195
807	0.3154561688	0.4284482759
808	0.3152704946	0.4284482759
809	0.3151056003	0.4287356322
810	0.3149594661	0.4293103448
811	0.3147579886	0.4290229885
812	0.3145470795	0.4287356322
813	0.3143931254	0.4284482759
814	0.314120441	0.4284482759
815	0.3138824983	0.4284482759
816	0.3137271997	0.4287356322
817	0.3136111208	0.4284482759
818	0.3133721471	0.4284482759
819	0.3132638042	0.4281609195
820	0.3131201983	0.4281609195
821	0.3128495838	0.4281609195
822	0.3125637866	0.4281609195
823	0.3123826772	0.4281609195
824	0.3122028282	0.4281609195
825	0.3119748475	0.4287356322
826	0.3118553613	0.4287356322
827	0.3116968065	0.4295977011
828	0.3115159857	0.4301724138
829	0.3113116868	0.4301724138
830	0.3111656247	0.4295977011
831	0.3109563025	0.4295977011
832	0.3107442323	0.4298850575
833	0.3105969191	0.4298850575
834	0.310368178	0.4298850575
835	0.3101288937	0.4298850575
836	0.3099377985	0.4293103448
837	0.3097779644	0.4301724138
838	0.3095169132	0.4307471264
839	0.3093505826	0.4307471264
840	0.3091096806	0.4307471264
841	0.3088917485	0.4307471264
842	0.308759738	0.4307471264
843	0.3085788125	0.4313218391
844	0.3083583071	0.4318965517
845	0.3081655594	0.4313218391
846	0.3079671261	0.4318965517
847	0.3078158397	0.4324712644
848	0.3076663004	0.4324712644
849	0.3074618216	0.4324712644
850	0.3072880926	0.4324712644
851	0.3071266223	0.4324712644
852	0.3069544194	0.4324712644
853	0.3067737973	0.4324712644
854	0.3066284216	0.4324712644
855	0.3064499626	0.4324712644
856	0.3062938253	0.4327586207
857	0.3061057378	0.4324712644
858	0.3058708094	0.4327586207
859	0.3056423705	0.4327586207
860	0.3054696345	0.4327586207
861	0.3053069971	0.4327586207
862	0.3051279874	0.433045977
863	0.3049505993	0.4324712644
864	0.3048105653	0.4327586207
865	0.3046101126	0.4324712644
866	0.3044378125	0.4324712644
867	0.3042227777	0.4327586207
868	0.3040290559	0.4333333333
869	0.3038038305	0.433045977
870	0.3036378751	0.4324712644
871	0.3034658505	0.4324712644
872	0.3033063545	0.4324712644
873	0.3030853609	0.4324712644
874	0.3028919863	0.4327586207
875	0.3026855617	0.4327586207
876	0.3024983743	0.4327586207
877	0.3022530601	0.433045977
878	0.3020431909	0.4324712644
879	0.3018589575	0.432183908
880	0.3016615857	0.432183908
881	0.3015426513	0.4327586207
882	0.3013800438	0.4324712644
883	0.3011891954	0.433045977
884	0.3010343313	0.433045977
885	0.3008873475	0.4333333333
886	0.3007197092	0.4333333333
887	0.3005065142	0.4333333333
888	0.3003289803	0.4336206897
889	0.3001820239	0.4336206897
890	0.2999727915	0.4344827586
891	0.2997968692	0.4344827586
892	0.2995992938	0.4341954023
893	0.2994026098	0.433908046
894	0.2991493411	0.433908046
895	0.2990040951	0.433908046
896	0.2988332316	0.433908046
897	0.2986895912	0.433908046
898	0.2985011912	0.4341954023
899	0.2984079692	0.433908046
900	0.29816669	0.433908046
901	0.2979154371	0.4333333333
902	0.2977515232	0.4333333333
903	0.297577141	0.4333333333
904	0.2974371559	0.433908046
905	0.2972855503	0.4344827586
906	0.2971697989	0.433908046
907	0.2969970067	0.433908046
908	0.2967799674	0.4333333333
909	0.2965940453	0.4333333333
910	0.296392459	0.433908046
911	0.2962620905	0.4344827586
912	0.2960810104	0.433908046
913	0.2959276278	0.433908046
914	0.2957619005	0.4347701149
915	0.2955793073	0.4350574713
916	0.2954459485	0.4350574713
917	0.2952758247	0.4350574713
918	0.2951228177	0.4353448276
919	0.2949261895	0.4353448276
920	0.2947671513	0.4353448276
921	0.2946215207	0.4356321839
922	0.2944059741	0.4356321839
923	0.2941964311	0.4359195402
924	0.293982946	0.4359195402
925	0.2938185381	0.4356321839
926	0.2936235968	0.4362068966
927	0.2934535752	0.4362068966
928	0.2932585695	0.4359195402
929	0.2930950369	0.4359195402
930	0.2929487932	0.4359195402
931	0.2927455088	0.4367816092
932	0.2926147425	0.4364942529
933	0.2924330048	0.4362068966
934	0.292270884	0.4362068966
935	0.2920810569	0.4362068966
936	0.2919534847	0.4364942529
937	0.29171597	0.4364942529
938	0.2915258327	0.4364942529
939	0.2913608805	0.4362068966
940	0.2911640368	0.4362068966
941	0.2909332711	0.4367816092
942	0.2908047643	0.4367816092
943	0.2906662247	0.4370689655
944	0.2905022378	0.4367816092
945	0.2902814339	0.4370689655
946	0.2901363497	0.4373563218
947	0.2899841778	0.4376436782
948	0.2897897273	0.4370689655
949	0.289661949	0.4370689655
950	0.2894843397	0.4373563218
951	0.2893402581	0.4373563218
952	0.2892087659	0.4373563218
953	0.2890784441	0.4373563218
954	0.2888641544	0.4370689655
955	0.2886867911	0.4373563218
956	0.2885556149	0.4373563218
957	0.2883767288	0.4376436782
958	0.288197035	0.4376436782
959	0.2880726741	0.4376436782
960	0.2879129447	0.4367816092
961	0.2877597211	0.4370689655
962	0.2875863894	0.4367816092
963	0.2874102015	0.4370689655
964	0.2872239162	0.4370689655
965	0.2870930523	0.4367816092
966	0.2869513877	0.4367816092
967	0.286833834	0.4367816092
968	0.2867068156	0.4373563218
969	0.2865473267	0.4376436782
970	0.2863588603	0.4376436782
971	0.2862503219	0.4376436782
972	0.2860255589	0.4379310345
973	0.2858930466	0.4379310345
974	0.2857217865	0.4373563218
975	0.2855618997	0.4376436782
976	0.2854675674	0.4382183908
977	0.2852305724	0.4379310345
978	0.2851108596	0.4379310345
979	0.2849257967	0.4376436782
980	0.2847480082	0.4376436782
981	0.2845733553	0.4376436782
982	0.2843485679	0.4379310345
983	0.2842226843	0.4379310345
984	0.2840218803	0.4379310345
985	0.283848146	0.4376436782
986	0.2837006506	0.4379310345
987	0.2834574095	0.4379310345
988	0.283270403	0.4382183908
989	0.2830977513	0.4385057471
990	0.2829078158	0.4385057471
991	0.2827367933	0.4385057471
992	0.2825996714	0.4385057471
993	0.2824374534	0.4385057471
994	0.2822704329	0.4385057471
995	0.2820418831	0.4382183908
996	0.2818886654	0.4382183908
997	0.2817280825	0.4382183908
998	0.2815702532	0.4376436782
999	0.2814175488	0.4382183908
1000	0.2812212167	0.4376436782
1001	0.2810747913	0.4382183908
1002	0.2808930959	0.4382183908
1003	0.2806977936	0.4382183908
1004	0.2805616574	0.4382183908
1005	0.2804361694	0.4385057471
1006	0.2802223924	0.4385057471
1007	0.2800627079	0.4385057471
1008	0.2799403786	0.4385057471
1009	0.2798009383	0.4387931034
1010	0.2796361777	0.4387931034
1011	0.2794529392	0.4390804598
1012	0.2793367863	0.4396551724
1013	0.2791675136	0.4399425287
1014	0.2789646666	0.4396551724
1015	0.2787645414	0.4396551724
1016	0.2786030534	0.4396551724
1017	0.2784570562	0.4393678161
1018	0.2782619771	0.4385057471
1019	0.2780998468	0.4387931034
1020	0.2779772875	0.4387931034
1021	0.2778318745	0.4387931034
1022	0.2776385692	0.4387931034
1023	0.2774510969	0.4387931034
1024	0.2772927443	0.4382183908
1025	0.2771264878	0.4387931034
1026	0.2769167381	0.4393678161
1027	0.2768116696	0.4399425287
1028	0.2766901303	0.4405172414
1029	0.2765371026	0.4405172414
1030	0.27636076	0.4405172414
1031	0.276186912	0.4408045977
1032	0.2760449238	0.4408045977
1033	0.2758376411	0.4402298851
1034	0.2756629784	0.4408045977
1035	0.2754892659	0.4405172414
1036	0.2753533777	0.4405172414
1037	0.2752027944	0.4399425287
1038	0.2750624541	0.4402298851
1039	0.2749453548	0.4396551724
1040	0.2747441906	0.4402298851
1041	0.2745654711	0.4405172414
1042	0.2743940881	0.4405172414
1043	0.2742551939	0.4405172414
1044	0.2741509554	0.4408045977
1045	0.2739726864	0.4399425287
1046	0.2738259971	0.4399425287
1047	0.2736724451	0.4408045977
1048	0.2735911726	0.4402298851
1049	0.2734016509	0.4402298851
1050	0.273247681	0.4408045977
1051	0.2730866362	0.4405172414
1052	0.2729731296	0.4405172414
1053	0.2728387213	0.4402298851
1054	0.2726426633	0.4399425287
1055	0.2724336312	0.4399425287
1056	0.2722108342	0.4408045977
1057	0.2720163159	0.441091954
1058	0.2718404015	0.441091954
1059	0.27163639	0.4416666667
1060	0.271516509	0.441091954
1061	0.2713749316	0.441091954
1062	0.2712967156	0.441954023
1063	0.2711521843	0.441954023
1064	0.2710145211	0.4413793103
1065	0.2708548652	0.4413793103
1066	0.2707098631	0.4416666667
1067	0.2705685244	0.4413793103
1068	0.2704197469	0.4416666667
1069	0.2702204068	0.4413793103
1070	0.2700272485	0.441091954
1071	0.2698911257	0.441091954
1072	0.2697951794	0.441091954
1073	0.2696694847	0.4413793103
1074	0.2694765264	0.4416666667
1075	0.2692620536	0.4416666667
1076	0.2690870873	0.4416666667
1077	0.2689420231	0.4416666667
1078	0.268777413	0.4413793103
1079	0.2686221157	0.4413793103
1080	0.2684951458	0.4416666667
1081	0.2683517275	0.4416666667
1082	0.2682006422	0.4416666667
1083	0.2680021257	0.441954023
1084	0.2678524855	0.441954023
1085	0.2676612725	0.4422413793
1086	0.2675061826	0.4422413793
1087	0.2673321319	0.4425287356
1088	0.2671959943	0.4422413793
1089	0.2669905396	0.442816092
1090	0.2668434692	0.442816092
1091	0.2666609247	0.4422413793
1092	0.2665584678	0.4425287356
1093	0.2664375754	0.442816092
1094	0.2662783577	0.442816092
1095	0.2661600353	0.442816092
1096	0.2660196029	0.4425287356
1097	0.2659200579	0.4433908046
1098	0.2657604435	0.4431034483
1099	0.2656202247	0.4431034483
1100	0.265499219	0.4433908046
1101	0.2653589122	0.4431034483
1102	0.2651776369	0.4436781609
1103	0.2649723379	0.4436781609
1104	0.2648597667	0.4442528736
1105	0.2647134094	0.4442528736
1106	0.2646096881	0.4442528736
1107	0.2645184185	0.4439655172
1108	0.2644081001	0.4439655172
1109	0.2642282015	0.4436781609
1110	0.2640420719	0.4439655172
1111	0.2638984932	0.4436781609
1112	0.2637465923	0.4436781609
1113	0.2636453127	0.4442528736
1114	0.2634939453	0.4442528736
1115	0.2633428908	0.4445402299
1116	0.2632183298	0.4445402299
1117	0.2630874998	0.4448275862
1118	0.2629565483	0.4448275862
1119	0.2627689626	0.4439655172
1120	0.2626117239	0.4433908046
1121	0.2624514872	0.4442528736
1122	0.2622967683	0.4448275862
1123	0.2621671762	0.4442528736
1124	0.2619925797	0.4442528736
1125	0.2618842481	0.4442528736
1126	0.2617603533	0.4442528736
1127	0.2615958011	0.4445402299
1128	0.2614447499	0.4442528736
1129	0.2612849343	0.4445402299
1130	0.2611473807	0.4442528736
1131	0.2610149341	0.4442528736
1132	0.2608094602	0.4439655172
1133	0.2606113422	0.4439655172
1134	0.2604392092	0.4439655172
1135	0.2603112151	0.4439655172
1136	0.2601209497	0.4436781609
1137	0.2599655566	0.4436781609
1138	0.2598433552	0.4436781609
1139	0.2596891857	0.4439655172
1140	0.2595710303	0.4439655172
1141	0.2594275145	0.4439655172
1142	0.2592964428	0.4439655172
1143	0.259155455	0.4439655172
1144	0.2589676127	0.4445402299
1145	0.2588782481	0.4445402299
1146	0.2587309165	0.4448275862
1147	0.2585745098	0.4445402299
1148	0.258406827	0.4442528736
1149	0.2582591418	0.4442528736
1150	0.2581452719	0.4439655172
1151	0.2579820267	0.4442528736
1152	0.2578434048	0.4442528736
1153	0.2577145365	0.4442528736
1154	0.2575336698	0.4442528736
1155	0.2574070176	0.4448275862
1156	0.2572240553	0.4448275862
1157	0.2570775555	0.4448275862
1158	0.2568974092	0.4448275862
1159	0.2567311713	0.4454022989
1160	0.2566032057	0.4454022989
1161	0.256456721	0.4451149425
1162	0.2562696779	0.4454022989
1163	0.2561024584	0.4448275862
1164	0.2559899131	0.4451149425
1165	0.2558741017	0.4454022989
1166	0.255698818	0.4451149425
1167	0.2555302647	0.4459770115
1168	0.2553559719	0.4454022989
1169	0.2552359769	0.4454022989
1170	0.2551488403	0.4459770115
1171	0.25497638	0.4459770115
1172	0.2548420068	0.4454022989
1173	0.2547187028	0.4454022989
1174	0.2545802643	0.4451149425
1175	0.2544498109	0.4454022989
1176	0.2542836012	0.4454022989
1177	0.2540875354	0.4456896552
1178	0.2539497559	0.4459770115
1179	0.2538498348	0.4459770115
1180	0.2537127339	0.4459770115
1181	0.2535548651	0.4459770115
1182	0.253478775	0.4459770115
1183	0.2533388525	0.4459770115
1184	0.2532255173	0.4462643678
1185	0.2531215322	0.4462643678
1186	0.2529837905	0.4462643678
1187	0.2528668649	0.4456896552
1188	0.2527609779	0.4456896552
1189	0.2526264352	0.4462643678
1190	0.2524665954	0.4465517241
1191	0.2523592451	0.4465517241
1192	0.2522398492	0.4465517241
1193	0.2521359055	0.4459770115
1194	0.2520441731	0.4459770115
1195	0.2519148189	0.4456896552
1196	0.2517999579	0.4456896552
1197	0.2516793026	0.4459770115
1198	0.2515628142	0.4459770115
1199	0.251475323	0.4459770115
1200	0.251371227	0.4462643678
1201	0.2512321674	0.4462643678
1202	0.2511166948	0.4459770115
1203	0.2509158444	0.4459770115
1204	0.2507534593	0.4456896552
1205	0.2505660768	0.4462643678
1206	0.2503980915	0.4462643678
1207	0.2502663464	0.4468390805
1208	0.2501587585	0.4468390805
1209	0.2499839558	0.4468390805
1210	0.2498067646	0.4465517241
1211	0.2496500134	0.4468390805
1212	0.2494766923	0.4465517241
1213	0.2493869679	0.4462643678
1214	0.2492552091	0.4471264368
1215	0.2490629915	0.4471264368
1216	0.2489505925	0.4474137931
1217	0.2487941872	0.4474137931
1218	0.2486883521	0.4471264368
1219	0.2485701361	0.4468390805
1220	0.2484303328	0.4465517241
1221	0.2483387032	0.4465517241
1222	0.2482279914	0.4454022989
1223	0.2480704074	0.4456896552
1224	0.2479284904	0.4456896552
1225	0.2478077783	0.4456896552
1226	0.2476466073	0.4456896552
1227	0.2475496477	0.4462643678
1228	0.2473889415	0.4465517241
1229	0.2472668195	0.4465517241
1230	0.24711649	0.4465517241
1231	0.2469532406	0.4465517241
1232	0.2468270135	0.4465517241
1233	0.2466505288	0.4462643678
1234	0.2465313811	0.4465517241
1235	0.246428585	0.4465517241
1236	0.2463119317	0.4465517241
1237	0.2461857935	0.4465517241
1238	0.2460575557	0.4465517241
1239	0.2459443432	0.4465517241
1240	0.2458179315	0.4462643678
1241	0.2456566532	0.4462643678
1242	0.2455430495	0.4462643678
1243	0.2454326306	0.4462643678
1244	0.2452715295	0.4462643678
1245	0.2451644678	0.4459770115
1246	0.2449983182	0.4462643678
1247	0.2448779341	0.4462643678
1248	0.2447276307	0.4462643678
1249	0.2446091739	0.4462643678
1250	0.244469023	0.4465517241
1251	0.2443714891	0.4465517241
1252	0.2442459469	0.4465517241
1253	0.2440630854	0.4462643678
1254	0.2439366811	0.4465517241
1255	0.2438250465	0.4465517241
1256	0.2436860744	0.4459770115
1257	0.243575995	0.4465517241
1258	0.2435002771	0.4459770115
1259	0.2433621354	0.4465517241
1260	0.243198665	0.4462643678
1261	0.2431051974	0.4468390805
1262	0.2430237731	0.4468390805
1263	0.2429251656	0.4468390805
1264	0.2428222634	0.4468390805
1265	0.2426250618	0.4468390805
1266	0.2424826479	0.4471264368
1267	0.242318527	0.4468390805
1268	0.2422284007	0.4468390805
1269	0.2421276976	0.4465517241
1270	0.2419487143	0.4468390805
1271	0.2417987391	0.4465517241
1272	0.2416837217	0.4465517241
1273	0.2415522689	0.4465517241
1274	0.2414379262	0.4465517241
1275	0.2413078652	0.4459770115
1276	0.2411864759	0.4462643678
1277	0.2410203913	0.4465517241
1278	0.2408341399	0.4459770115
1279	0.24067368	0.4459770115
1280	0.240516828	0.4465517241
1281	0.2403436267	0.4465517241
1282	0.2401981684	0.4465517241
1283	0.2400341812	0.4465517241
1284	0.239882934	0.4465517241
1285	0.2397151351	0.4468390805
1286	0.2395855173	0.4468390805
1287	0.2395001649	0.4468390805
1288	0.2394156519	0.4474137931
1289	0.2392648057	0.4479885057
1290	0.239161026	0.4482758621
1291	0.2390803784	0.4485632184
1292	0.2389393602	0.4482758621
1293	0.2387972537	0.4479885057
1294	0.2386400476	0.4482758621
1295	0.2385225713	0.4485632184
1296	0.2384008841	0.4479885057
1297	0.2382289512	0.4479885057
1298	0.2380977503	0.4479885057
1299	0.2379809844	0.4477011494
1300	0.2378516315	0.4479885057
1301	0.2376969426	0.4479885057
1302	0.2375722821	0.4479885057
1303	0.2374316471	0.4479885057
1304	0.2373620271	0.4479885057
1305	0.2372335584	0.4482758621
1306	0.2371024277	0.4488505747
1307	0.2369382972	0.4488505747
1308	0.2367798613	0.4482758621
1309	0.2366619906	0.4494252874
1310	0.2365946143	0.449137931
1311	0.2365200648	0.4494252874
1312	0.2363716258	0.4479885057
1313	0.2362257195	0.4485632184
1314	0.2361290913	0.4485632184
1315	0.236004107	0.4485632184
1316	0.2358961926	0.4485632184
1317	0.2357568041	0.4488505747
1318	0.2356607469	0.4488505747
1319	0.2355420811	0.4488505747
1320	0.2354193724	0.449137931
1321	0.2353310928	0.449137931
1322	0.2351648761	0.449137931
1323	0.2350531596	0.449137931
1324	0.2348978739	0.449137931
1325	0.2347587475	0.449137931
1326	0.234661434	0.449137931
1327	0.2345377636	0.449137931
1328	0.2344171936	0.4497126437
1329	0.2343034783	0.45
1330	0.2341943678	0.4497126437
1331	0.2340426024	0.45
1332	0.2339193961	0.4502873563
1333	0.2338089181	0.4502873563
1334	0.2336946616	0.4505747126
1335	0.2335813437	0.4505747126
1336	0.2334720305	0.4505747126
1337	0.2333479316	0.4505747126
1338	0.2332421919	0.4505747126
1339	0.2331112603	0.4505747126
1340	0.2330085651	0.4505747126
1341	0.2328990251	0.450862069
1342	0.2328108032	0.450862069
1343	0.2326634148	0.4505747126
1344	0.2325403467	0.4511494253
1345	0.2323836233	0.450862069
1346	0.2322668039	0.450862069
1347	0.232087939	0.4511494253
1348	0.2319552754	0.450862069
1349	0.2318767879	0.4514367816
1350	0.2317751538	0.4517241379
1351	0.2316933482	0.4517241379
1352	0.2315729854	0.4520114943
1353	0.2314251894	0.4522988506
1354	0.231303316	0.4522988506
1355	0.2311834253	0.4520114943
1356	0.2310847576	0.4522988506
1357	0.2309438088	0.4534482759
1358	0.2307887473	0.4534482759
1359	0.2306776137	0.4534482759
1360	0.2305527685	0.4534482759
1361	0.2304039538	0.4534482759
1362	0.2303192844	0.4534482759
1363	0.230184133	0.4537356322
1364	0.2300764603	0.4537356322
1365	0.229987323	0.4543103448
1366	0.2298565579	0.4543103448
1367	0.2297380876	0.4545977011
1368	0.2296591252	0.4545977011
1369	0.2295283661	0.4543103448
1370	0.229408512	0.4543103448
1371	0.2292746561	0.4543103448
1372	0.229127852	0.4543103448
1373	0.2290022792	0.4543103448
1374	0.2289155398	0.4548850575
1375	0.2288088557	0.4548850575
1376	0.228637003	0.4540229885
1377	0.2284833653	0.4545977011
1378	0.228342596	0.4545977011
1379	0.2282517583	0.4545977011
1380	0.228137183	0.4540229885
1381	0.2280361486	0.4540229885
1382	0.2278721993	0.4540229885
1383	0.2277683408	0.4543103448
1384	0.2276530805	0.4543103448
1385	0.2275243175	0.4543103448
1386	0.227436601	0.4543103448
1387	0.2273301808	0.4543103448
1388	0.2271973276	0.4543103448
1389	0.2271065551	0.4543103448
1390	0.2269832297	0.4543103448
1391	0.2268817658	0.4543103448
1392	0.2267740189	0.4543103448
1393	0.2267038768	0.4543103448
1394	0.2265468324	0.4543103448
1395	0.2264615418	0.4545977011
1396	0.2263665483	0.4543103448
1397	0.2262884432	0.4543103448
1398	0.226174968	0.4551724138
1399	0.2260899633	0.4551724138
1400	0.2259333957	0.4548850575
1401	0.2258450813	0.4548850575
1402	0.2256967965	0.4554597701
1403	0.2256019018	0.4557471264
1404	0.2255566788	0.4557471264
1405	0.2254541499	0.4557471264
1406	0.2253613372	0.4554597701
1407	0.2252399505	0.4554597701
1408	0.2251211606	0.4551724138
1409	0.2250421798	0.4554597701
1410	0.2248968465	0.4554597701
1411	0.224775997	0.4554597701
1412	0.224681275	0.4557471264
1413	0.2245684596	0.4548850575
1414	0.224450095	0.4548850575
1415	0.2243347001	0.4545977011
1416	0.2242099008	0.4548850575
1417	0.2241024311	0.4554597701
1418	0.2239632268	0.4554597701
1419	0.2238346209	0.4554597701
1420	0.2237327321	0.4554597701
1421	0.2236308886	0.4557471264
1422	0.2234899847	0.4560344828
1423	0.2233710176	0.4560344828
1424	0.2232769275	0.4560344828
1425	0.223146845	0.4557471264
1426	0.223041463	0.4557471264
1427	0.2229235503	0.4557471264
1428	0.2228275725	0.4557471264
1429	0.2227012889	0.4560344828
1430	0.2225440414	0.4560344828
1431	0.2224326205	0.4557471264
1432	0.2223113248	0.4560344828
1433	0.2222156077	0.4560344828
1434	0.2221256359	0.4560344828
1435	0.2219804086	0.4563218391
1436	0.2218477724	0.4563218391
1437	0.2217526733	0.4563218391
1438	0.2216126498	0.4563218391
1439	0.2215159805	0.4563218391
1440	0.2214316026	0.4563218391
1441	0.2213260226	0.4554597701
1442	0.2212004314	0.4557471264
1443	0.2210914262	0.4557471264
1444	0.2209893598	0.4560344828
1445	0.220877536	0.4563218391
1446	0.2207469657	0.4563218391
1447	0.2206335855	0.4560344828
1448	0.2205447979	0.4560344828
1449	0.22040293	0.4563218391
1450	0.2202836149	0.4557471264
1451	0.2201636822	0.4554597701
1452	0.2200607751	0.4557471264
1453	0.2199840292	0.4554597701
1454	0.2198715737	0.4554597701
1455	0.2197468154	0.4560344828
1456	0.2196066234	0.4563218391
1457	0.2195296647	0.4554597701
1458	0.2193955269	0.4557471264
1459	0.2193162007	0.4557471264
1460	0.2192092065	0.4557471264
1461	0.2190968381	0.4560344828
1462	0.2189940647	0.4560344828
1463	0.218929918	0.4557471264
1464	0.2188414065	0.4557471264
1465	0.2187293168	0.4557471264
1466	0.2186516493	0.4557471264
1467	0.2185172575	0.4557471264
1468	0.2184013899	0.4560344828
1469	0.2183374962	0.4560344828
1470	0.2182538187	0.4563218391
1471	0.2181857989	0.4563218391
1472	0.2180893095	0.4563218391
1473	0.2179795079	0.4563218391
1474	0.2179120428	0.4563218391
1475	0.2177790778	0.4560344828
1476	0.2176643521	0.4560344828
1477	0.217534301	0.4566091954
1478	0.2174356817	0.4563218391
1479	0.2173105857	0.4563218391
1480	0.2172064307	0.4563218391
1481	0.2170978588	0.4563218391
1482	0.2169970661	0.4563218391
1483	0.216893444	0.4563218391
1484	0.2168107208	0.4566091954
1485	0.216681636	0.4563218391
1486	0.2166308121	0.4563218391
1487	0.216520224	0.4563218391
1488	0.216402892	0.4563218391
1489	0.2162678745	0.4563218391
1490	0.2161513065	0.4568965517
1491	0.2160480464	0.4568965517
1492	0.215911043	0.4563218391
1493	0.2158100427	0.4563218391
1494	0.2157134203	0.457183908
1495	0.2156258273	0.457183908
1496	0.2155356659	0.457183908
1497	0.2154690823	0.457183908
1498	0.2153815464	0.4568965517
1499	0.2152918395	0.457183908
1500	0.2152147602	0.457183908
1501	0.2151074402	0.457183908
1502	0.2150253211	0.457183908
1503	0.2148976791	0.457183908
1504	0.2147632593	0.4568965517
1505	0.2146510044	0.4566091954
1506	0.2145292283	0.4563218391
1507	0.214417074	0.4568965517
1508	0.2142968028	0.457183908
1509	0.2142156065	0.457183908
1510	0.2140970465	0.4574712644
1511	0.2139703912	0.4574712644
1512	0.2138884356	0.4577586207
1513	0.2137601617	0.4577586207
1514	0.2136313053	0.4577586207
1515	0.2135395126	0.4577586207
1516	0.2134461961	0.4577586207
1517	0.2133217081	0.4574712644
1518	0.2132079132	0.4583333333
1519	0.2130968956	0.4583333333
1520	0.2129862423	0.4583333333
1521	0.2128720086	0.4583333333
1522	0.2127878849	0.4583333333
1523	0.2126532965	0.458045977
1524	0.2125712938	0.4583333333
1525	0.2124710311	0.4574712644
1526	0.2123888707	0.4574712644
1527	0.2123085069	0.4574712644
1528	0.2122067616	0.4574712644
1529	0.2121160624	0.4583333333
1530	0.2120108194	0.4583333333
1531	0.2119088564	0.4577586207
1532	0.2117844307	0.4574712644
1533	0.2117242907	0.4574712644
1534	0.2116396233	0.4574712644
1535	0.2115283457	0.4574712644
1536	0.2114512376	0.4574712644
1537	0.2113257256	0.4574712644
1538	0.2112351469	0.4574712644
1539	0.2110990777	0.4577586207
1540	0.2109852823	0.4574712644
1541	0.2108746573	0.4574712644
1542	0.2108208903	0.4577586207
1543	0.2106651177	0.4577586207
1544	0.2105557021	0.4583333333
1545	0.2104573356	0.4583333333
1546	0.2103542197	0.4586206897
1547	0.2102495474	0.4586206897
1548	0.2101754269	0.4591954023
1549	0.2100641819	0.458908046
1550	0.2099208215	0.4591954023
1551	0.209856069	0.458908046
1552	0.2097752699	0.4594827586
1553	0.2096699705	0.458908046
1554	0.209543596	0.458908046
1555	0.2094155591	0.4591954023
1556	0.2093142028	0.4591954023
1557	0.2092464552	0.4591954023
1558	0.2091589567	0.4591954023
1559	0.2090370665	0.4591954023
1560	0.2089289855	0.4591954023
1561	0.2088305314	0.4591954023
1562	0.2087603726	0.4591954023
1563	0.2086705502	0.4591954023
1564	0.2085396101	0.458908046
1565	0.2084702699	0.4586206897
1566	0.2084095761	0.4586206897
1567	0.208317384	0.4591954023
1568	0.2082295195	0.4591954023
1569	0.2081345013	0.4591954023
1570	0.2080463961	0.4591954023
1571	0.2079542207	0.4597701149
1572	0.2078320124	0.4597701149
1573	0.2077188802	0.4597701149
1574	0.2076302366	0.4597701149
1575	0.2075613857	0.4594827586
1576	0.2074568748	0.4594827586
1577	0.207326726	0.4594827586
1578	0.2072030849	0.4591954023
1579	0.2070980637	0.4594827586
1580	0.2069996953	0.4594827586
1581	0.2069402757	0.4600574713
1582	0.2068259444	0.4600574713
1583	0.2066910323	0.4603448276
1584	0.2066067162	0.4603448276
1585	0.2065149808	0.4603448276
1586	0.2064402813	0.4597701149
1587	0.2063284574	0.4603448276
1588	0.2062357916	0.4603448276
1589	0.2061363305	0.4603448276
1590	0.2060256561	0.4603448276
1591	0.205953582	0.4603448276
1592	0.2058301554	0.4600574713
1593	0.2057600065	0.4600574713
1594	0.2057020895	0.4600574713
1595	0.2055846123	0.4600574713
1596	0.2054504645	0.4600574713
1597	0.2053587107	0.4603448276
1598	0.2052532549	0.4603448276
1599	0.2051677697	0.4600574713
1600	0.2050670204	0.4600574713
1601	0.204960662	0.4600574713
1602	0.2048678955	0.4600574713
1603	0.2047877758	0.4600574713
1604	0.2046923767	0.4600574713
1605	0.2046020663	0.4600574713
1606	0.2045039168	0.4600574713
1607	0.2044154803	0.4600574713
1608	0.2043241929	0.4600574713
1609	0.2042206326	0.4597701149
1610	0.2041248661	0.4603448276
1611	0.2040422025	0.4600574713
1612	0.2039399017	0.4600574713
1613	0.2038465794	0.4600574713
1614	0.2037466348	0.4606321839
1615	0.2036236623	0.4606321839
1616	0.2035463227	0.4606321839
1617	0.2034303914	0.4606321839
1618	0.2033256109	0.4606321839
1619	0.2032338648	0.4609195402
1620	0.203106155	0.4609195402
1621	0.2030082424	0.4609195402
1622	0.2029345432	0.4609195402
1623	0.202851599	0.4612068966
1624	0.2027656635	0.4614942529
1625	0.2027031211	0.4614942529
1626	0.2026256113	0.4614942529
1627	0.2025252458	0.4612068966
1628	0.2024614189	0.4612068966
1629	0.2023781827	0.4612068966
1630	0.2023195739	0.4617816092
1631	0.2021993412	0.4617816092
1632	0.2021412544	0.4614942529
1633	0.2020760731	0.4614942529
1634	0.2019721153	0.4614942529
1635	0.201895576	0.4614942529
1636	0.2018304265	0.4612068966
1637	0.201742704	0.4612068966
1638	0.2016314309	0.4609195402
1639	0.2015468821	0.4609195402
1640	0.2014248179	0.4606321839
1641	0.2013646832	0.4609195402
1642	0.2013024872	0.4609195402
1643	0.2012102844	0.4609195402
1644	0.2010973417	0.4617816092
1645	0.2009817164	0.4617816092
1646	0.2008732885	0.4612068966
1647	0.2007671055	0.4609195402
1648	0.2006902002	0.4609195402
1649	0.2005798979	0.4614942529
1650	0.2005000757	0.4612068966
1651	0.200401706	0.4614942529
1652	0.200319467	0.4620689655
1653	0.2002155073	0.4620689655
1654	0.2001183512	0.4626436782
1655	0.2000010991	0.4623563218
1656	0.1999053176	0.4623563218
1657	0.199809049	0.4626436782
1658	0.1997135504	0.4620689655
1659	0.1996097706	0.4626436782
1660	0.1995568684	0.4626436782
1661	0.1994834113	0.4626436782
1662	0.1993986233	0.4626436782
1663	0.1993267333	0.4629310345
1664	0.1992462962	0.4626436782
1665	0.1991348178	0.4623563218
1666	0.1990383639	0.4623563218
1667	0.198925838	0.4617816092
1668	0.1988364307	0.4620689655
1669	0.1987122328	0.4623563218
1670	0.1985935201	0.4623563218
1671	0.1984918125	0.4623563218
1672	0.1984307926	0.4626436782
1673	0.1983372132	0.4620689655
1674	0.1982564236	0.4623563218
1675	0.198199852	0.4626436782
1676	0.1981315405	0.4626436782
1677	0.1980532541	0.4626436782
1678	0.1979499649	0.4629310345
1679	0.1978456634	0.4629310345
1680	0.1977816399	0.4637931034
1681	0.197668377	0.4637931034
1682	0.1975385111	0.4635057471
1683	0.1974483693	0.4643678161
1684	0.1973578877	0.4646551724
1685	0.1972826643	0.4646551724
1686	0.197222346	0.4646551724
1687	0.1971529732	0.4646551724
1688	0.1970496994	0.4646551724
1689	0.1969785405	0.4646551724
1690	0.1969098062	0.4646551724
1691	0.1968263969	0.4640804598
1692	0.1967260168	0.4643678161
1693	0.1965707465	0.4643678161
1694	0.1964494912	0.4643678161
1695	0.1963632284	0.4652298851
1696	0.196264453	0.4655172414
1697	0.1961418056	0.4655172414
1698	0.1960250338	0.4655172414
1699	0.1958862822	0.4655172414
1700	0.1957912419	0.4652298851
1701	0.1956968897	0.4649425287
1702	0.1955889877	0.4652298851
1703	0.195498049	0.4652298851
1704	0.1953672969	0.4652298851
1705	0.1952857837	0.4658045977
1706	0.195212477	0.466091954
1707	0.1951336439	0.4658045977
1708	0.1950269873	0.4658045977
1709	0.1949359229	0.4658045977
1710	0.1948589299	0.4658045977
1711	0.1947949536	0.4658045977
1712	0.1947140769	0.4652298851
1713	0.1946138618	0.4652298851
1714	0.1945315837	0.4652298851
1715	0.1944256093	0.4649425287
1716	0.1943292758	0.4649425287
1717	0.1942014082	0.4643678161
1718	0.1941013521	0.4643678161
1719	0.1939773602	0.4643678161
1720	0.1938694645	0.4646551724
1721	0.1938075375	0.4652298851
1722	0.1937081572	0.4652298851
1723	0.1936102044	0.4655172414
1724	0.1935167586	0.4655172414
1725	0.1934400961	0.4655172414
1726	0.193355734	0.4655172414
1727	0.1932199035	0.466091954
1728	0.1931351547	0.466091954
1729	0.1930182849	0.466091954
1730	0.1928797671	0.466091954
1731	0.1928121844	0.4663793103
1732	0.1927212126	0.4663793103
1733	0.1926142429	0.466091954
1734	0.1925244147	0.4666666667
1735	0.1924457554	0.466954023
1736	0.1923646839	0.466954023
1737	0.1922888349	0.466954023
1738	0.1921918876	0.466954023
1739	0.1920785922	0.466954023
1740	0.1919768621	0.4663793103
1741	0.1918711333	0.4663793103
1742	0.1917962036	0.4663793103
1743	0.1916759359	0.466954023
1744	0.1915376191	0.466954023
1745	0.1914262831	0.466954023
1746	0.1913234417	0.466954023
1747	0.1912445048	0.4666666667
1748	0.1911503327	0.466954023
1749	0.1910610488	0.4666666667
1750	0.1909660764	0.4666666667
1751	0.1908404614	0.466954023
1752	0.1907098717	0.4672413793
1753	0.1906088547	0.4672413793
1754	0.1905492718	0.4675287356
1755	0.1904777952	0.467816092
1756	0.1903825482	0.467816092
1757	0.1902911842	0.4675287356
1758	0.1901867344	0.467816092
1759	0.1900595662	0.4675287356
1760	0.1899426793	0.4681034483
1761	0.1898104668	0.4681034483
1762	0.189710318	0.4681034483
1763	0.1895982119	0.4681034483
1764	0.1895069582	0.4681034483
1765	0.1894257822	0.4683908046
1766	0.1893314384	0.4683908046
1767	0.1892481705	0.4683908046
1768	0.1891417355	0.4689655172
1769	0.1890537817	0.4695402299
1770	0.1889129857	0.4695402299
1771	0.1888281807	0.4695402299
1772	0.1887437948	0.4686781609
1773	0.1886382542	0.4686781609
1774	0.1885588499	0.4692528736
1775	0.1884826238	0.4692528736
1776	0.1883930538	0.4689655172
1777	0.1882792214	0.4686781609
1778	0.188175824	0.4689655172
1779	0.188099528	0.4689655172
1780	0.188002036	0.4686781609
1781	0.1878787339	0.4686781609
1782	0.1877788839	0.4683908046
1783	0.1877135828	0.4683908046
1784	0.1876315678	0.4686781609
1785	0.1875853101	0.4686781609
1786	0.1875008203	0.4683908046
1787	0.1874216153	0.4683908046
1788	0.187343611	0.4683908046
1789	0.1872571112	0.4689655172
1790	0.1871853888	0.4681034483
1791	0.1871036444	0.4681034483
1792	0.1869885208	0.4681034483
1793	0.1868998995	0.4686781609
1794	0.1868072018	0.4686781609
1795	0.1867203973	0.4683908046
1796	0.186622629	0.4683908046
1797	0.1865460197	0.4683908046
1798	0.1864947643	0.4686781609
1799	0.1864261206	0.4686781609
1800	0.1863557145	0.4686781609
1801	0.1862943616	0.4683908046
1802	0.1861918753	0.4683908046
1803	0.18609334	0.4686781609
1804	0.1860071252	0.4686781609
1805	0.1859280323	0.4681034483
1806	0.1858566355	0.4681034483
1807	0.1857784972	0.4681034483
1808	0.1856910609	0.4689655172
1809	0.1855823812	0.4695402299
1810	0.1855286921	0.4689655172
1811	0.1854480607	0.4686781609
1812	0.185380942	0.4686781609
1813	0.1853074053	0.4683908046
1814	0.1852227934	0.4683908046
1815	0.1851085538	0.4683908046
1816	0.1850031771	0.4683908046
1817	0.1849325027	0.4683908046
1818	0.1847905753	0.4686781609
1819	0.1847167201	0.4686781609
1820	0.1846155678	0.4686781609
1821	0.184539792	0.4686781609
1822	0.1844823617	0.4689655172
1823	0.1843947914	0.4689655172
1824	0.1842998421	0.4689655172
1825	0.1841937684	0.4689655172
1826	0.1841269563	0.4689655172
1827	0.1840451389	0.4689655172
1828	0.1839855699	0.4689655172
1829	0.1838797589	0.4689655172
1830	0.1838200865	0.4689655172
1831	0.1837348934	0.4695402299
1832	0.1836751734	0.4695402299
1833	0.183596591	0.4692528736
1834	0.1835300071	0.4692528736
1835	0.1834743676	0.4692528736
1836	0.1834062874	0.4692528736
1837	0.1833339753	0.4698275862
1838	0.1832529452	0.4704022989
1839	0.1831632606	0.4695402299
1840	0.1830641902	0.4695402299
1841	0.182940779	0.4695402299
1842	0.1828651767	0.4692528736
1843	0.1828059702	0.4692528736
1844	0.1827463635	0.4695402299
1845	0.182645811	0.4695402299
1846	0.1825393342	0.4704022989
1847	0.1824402242	0.4704022989
1848	0.1823497816	0.4704022989
1849	0.1822704835	0.4701149425
1850	0.1821838183	0.4701149425
1851	0.1820842754	0.4701149425
1852	0.1819872003	0.4701149425
1853	0.1818699919	0.4704022989
1854	0.1818031804	0.4704022989
1855	0.181717417	0.4704022989
1856	0.1816011764	0.4704022989
1857	0.1815217086	0.4704022989
1858	0.1814691052	0.4704022989
1859	0.1813985862	0.4704022989
1860	0.1813272554	0.4704022989
1861	0.1812510614	0.4704022989
1862	0.1811628179	0.4704022989
1863	0.1810913956	0.4701149425
1864	0.1809954823	0.4701149425
1865	0.180921108	0.4706896552
1866	0.1808378768	0.4706896552
1867	0.1807552128	0.4706896552
1868	0.1806698882	0.4712643678
1869	0.1805813065	0.4712643678
1870	0.1804677145	0.4712643678
1871	0.1803676705	0.4712643678
1872	0.180310651	0.4712643678
1873	0.1802223753	0.4712643678
1874	0.1801474202	0.4715517241
1875	0.1800605907	0.4715517241
1876	0.1799898239	0.4715517241
1877	0.1799152813	0.4715517241
1878	0.1798517603	0.4715517241
1879	0.1797386379	0.4715517241
1880	0.1796124723	0.4718390805
1881	0.1795438249	0.4718390805
1882	0.1794570839	0.4718390805
1883	0.1794018236	0.4718390805
1884	0.1793199262	0.4718390805
1885	0.1792224429	0.4718390805
1886	0.1791274485	0.4712643678
1887	0.1790692016	0.4712643678
1888	0.1789719433	0.4712643678
1889	0.1788881732	0.4712643678
1890	0.1788391057	0.4715517241
1891	0.1787819583	0.4715517241
1892	0.1787025314	0.4721264368
1893	0.1786249026	0.4712643678
1894	0.1785290818	0.4715517241
1895	0.1784409719	0.4721264368
1896	0.1783608469	0.4715517241
1897	0.1782695743	0.4721264368
1898	0.1781777861	0.4712643678
1899	0.1781021792	0.4715517241
1900	0.1780196226	0.4715517241
1901	0.1779361218	0.4715517241
1902	0.1778805597	0.4715517241
1903	0.1777995699	0.4715517241
1904	0.1776927735	0.4718390805
1905	0.1776258462	0.4721264368
1906	0.1775366865	0.4721264368
1907	0.1774399999	0.4721264368
1908	0.1773487714	0.4718390805
1909	0.177267841	0.4721264368
1910	0.1772037871	0.4721264368
1911	0.1771089427	0.4721264368
1912	0.1770150845	0.4721264368
1913	0.1769412814	0.4718390805
1914	0.1768958147	0.4721264368
1915	0.1767917897	0.4721264368
1916	0.1767352769	0.4721264368
1917	0.1766438977	0.4721264368
1918	0.1765376709	0.4721264368
1919	0.1764489679	0.4721264368
1920	0.1763515074	0.4721264368
1921	0.1762833662	0.4721264368
1922	0.1761768907	0.4721264368
1923	0.1760895247	0.4724137931
1924	0.1759974959	0.4727011494
1925	0.1759034198	0.4729885057
1926	0.1758023821	0.4727011494
1927	0.1757406092	0.4729885057
1928	0.175656732	0.4729885057
1929	0.1755665329	0.4729885057
1930	0.1754962595	0.4729885057
1931	0.1754276054	0.4729885057
1932	0.1753475241	0.4727011494
1933	0.1752530284	0.4727011494
1934	0.1751771019	0.4727011494
1935	0.1751097826	0.4727011494
1936	0.1750515763	0.4727011494
1937	0.174979004	0.4729885057
1938	0.1748870925	0.4729885057
1939	0.1748314693	0.4729885057
1940	0.1747779058	0.4729885057
1941	0.1746892687	0.4729885057
1942	0.1746398395	0.4729885057
1943	0.174547507	0.4729885057
1944	0.174457922	0.4729885057
1945	0.1743438551	0.4729885057
1946	0.1743062131	0.4729885057
1947	0.1742348004	0.4729885057
1948	0.1741257507	0.4729885057
1949	0.1740229526	0.4729885057
1950	0.1739496318	0.4729885057
1951	0.1738597094	0.4729885057
1952	0.1737917287	0.4729885057
1953	0.1737274466	0.4729885057
1954	0.1736494952	0.4729885057
1955	0.173543482	0.4729885057
1956	0.1734424519	0.4729885057
1957	0.1733695988	0.4729885057
1958	0.1732965867	0.4732758621
1959	0.1732282666	0.4729885057
1960	0.1731423846	0.4729885057
1961	0.1730629356	0.4729885057
1962	0.1729778963	0.4732758621
1963	0.1728953444	0.4732758621
1964	0.1728167884	0.4732758621
1965	0.1727312888	0.4729885057
1966	0.1726482059	0.4727011494
1967	0.1725825719	0.4727011494
1968	0.172514216	0.4729885057
1969	0.1724262523	0.4729885057
1970	0.1723541388	0.4729885057
1971	0.1722851754	0.4729885057
1972	0.1721692284	0.4729885057
1973	0.1720901747	0.4729885057
1974	0.1720173634	0.4729885057
1975	0.1719329476	0.4729885057
1976	0.1718522393	0.4729885057
1977	0.1717882888	0.4729885057
1978	0.1717183953	0.4729885057
1979	0.1716265819	0.4729885057
1980	0.171569173	0.4729885057
1981	0.1714840392	0.4729885057
1982	0.1714159718	0.4729885057
1983	0.1713326392	0.4729885057
1984	0.1712468528	0.4729885057
1985	0.171151939	0.4724137931
1986	0.1710474954	0.4721264368
1987	0.170971649	0.4721264368
1988	0.1708753127	0.4721264368
1989	0.1708120194	0.4729885057
1990	0.170730761	0.4729885057
1991	0.1706364274	0.4727011494
1992	0.17056342	0.4727011494
1993	0.1704996818	0.4727011494
1994	0.1704469856	0.4727011494
1995	0.1703833501	0.4727011494
1996	0.1703209387	0.4724137931
1997	0.1702472977	0.4721264368
1998	0.1701787908	0.4724137931
1999	0.1701092602	0.4718390805
