iter	RMSE	AverageGain:top=10
0	0.1993526788	0.2417014937
1	0.1981656088	0.2662723031
2	0.197027871	0.2712269833
3	0.1959351191	0.2792550236
4	0.1950200743	0.2810611191
5	0.1941040657	0.2838291468
6	0.1932547035	0.289513633
7	0.1924900276	0.3016785385
8	0.1917304966	0.302171251
9	0.1910365277	0.3007957138
10	0.190348835	0.3019074367
11	0.1896597163	0.3035646812
12	0.1890955426	0.3048510351
13	0.1885038617	0.3043498657
14	0.18797769	0.3006958974
15	0.1874617142	0.3036903972
16	0.1869895397	0.303175742
17	0.1864958532	0.3045344053
18	0.1859061863	0.3071539729
19	0.1854823399	0.3068165506
20	0.1850562004	0.3036599782
21	0.1846595468	0.3042057987
22	0.1842529916	0.3063350894
23	0.1839303339	0.3068327118
24	0.1835316664	0.3062778343
25	0.183172205	0.3080251392
26	0.1828553172	0.3088024764
27	0.1825070916	0.3127697835
28	0.1822651355	0.3133014652
29	0.1820123168	0.3133573412
30	0.1817094662	0.3146733006
31	0.1814714569	0.3149190499
32	0.1810903837	0.3163910781
33	0.1808710489	0.3160802494
34	0.1806157031	0.317774673
35	0.1803911547	0.3186871625
36	0.1801641811	0.3210001899
37	0.1799404979	0.3204471413
38	0.1797069942	0.3240612552
39	0.1795172991	0.3239198952
40	0.1792970874	0.3231135795
41	0.1790897045	0.3277102529
42	0.1788864034	0.3290886879
43	0.1787020201	0.326402987
44	0.178517045	0.3272206994
45	0.1782870577	0.3258531996
46	0.1780787694	0.327190201
47	0.1778871359	0.3277693544
48	0.1776743904	0.3282180485
49	0.1774864094	0.3302810269
50	0.1773193392	0.3306070989
51	0.177157314	0.3316103787
52	0.1769965692	0.3311050555
53	0.1768496736	0.3323497956
54	0.1767279116	0.3314885902
55	0.1765173655	0.3314146261
56	0.1764023956	0.3317379477
57	0.1761682238	0.3363503864
58	0.1760660688	0.3349192501
59	0.1759039453	0.3380760163
60	0.1757999159	0.3384184887
61	0.1756735858	0.3376297372
62	0.1755555875	0.3393731139
63	0.1753544733	0.3392475887
64	0.1752471011	0.3393322034
65	0.1751161146	0.3395009098
66	0.1750034621	0.3389107689
67	0.174900946	0.3398170002
68	0.1747282044	0.3405827528
69	0.1745754704	0.3409079154
70	0.1744642828	0.3418321597
71	0.1743008262	0.3425381431
72	0.1741727577	0.3435541371
73	0.1740204354	0.3435432452
74	0.1738179497	0.3447288585
75	0.1737405578	0.3450730878
76	0.1735637793	0.3440383019
77	0.1734451247	0.3449363175
78	0.173311588	0.3448019748
79	0.1732415869	0.3454513536
80	0.1731395091	0.3450358865
81	0.1730321859	0.3448510227
82	0.1729483571	0.3446275895
83	0.172851873	0.345733827
84	0.1727454865	0.3452846784
85	0.1726462955	0.3451223753
86	0.1725112149	0.3450683452
87	0.172414244	0.3453027091
88	0.1722712757	0.346264214
89	0.1721416775	0.3477427823
90	0.172000114	0.3479384042
91	0.1718894143	0.3477424398
92	0.1717929152	0.3485148983
93	0.1717398831	0.3482313673
94	0.1716495891	0.3478973293
95	0.1715554327	0.3478973293
96	0.1714702968	0.3468409137
97	0.1713783985	0.3498454405
98	0.1712703726	0.3504086676
99	0.1711786105	0.3512889651
100	0.1710848298	0.3511289121
101	0.1709802895	0.3531419989
102	0.1708951708	0.3542216296
103	0.1707690356	0.3543324799
104	0.1706189531	0.3535265623
105	0.1705202854	0.3542893607
106	0.1704395998	0.354164544
107	0.1702869343	0.3546115221
108	0.1701993382	0.3536120531
109	0.1701256649	0.3544370367
110	0.1700545484	0.3557545407
111	0.1700000311	0.3550864646
112	0.1699349323	0.3565994513
113	0.1698338219	0.3574310045
114	0.1697719461	0.3573968478
115	0.1696690554	0.3580679386
116	0.169581785	0.3595424147
117	0.169483623	0.3594064984
118	0.1694097054	0.3589117114
119	0.1693506026	0.3595686888
120	0.1692563763	0.3596209992
121	0.1691217258	0.3585833466
122	0.1689882377	0.3580398544
123	0.168829461	0.3591642311
124	0.1687731904	0.3590313446
125	0.1686490393	0.3596867312
126	0.1686021177	0.3601048135
127	0.1684927801	0.3612268817
128	0.1684039306	0.360902534
129	0.1683357204	0.3619652234
130	0.1682787203	0.3625791345
131	0.1681734444	0.360752574
132	0.1679952364	0.3622494002
133	0.1679291941	0.3625938703
134	0.1678211024	0.3632138859
135	0.1677285756	0.3638361144
136	0.1676424289	0.3635738358
137	0.1675420506	0.3644657232
138	0.1674446271	0.3648739203
139	0.1673504392	0.3645579992
140	0.1672723987	0.364238839
141	0.1671727717	0.3643388568
142	0.1670831346	0.3657138849
143	0.1669799805	0.3675666899
144	0.1669020162	0.3679080336
145	0.1668268731	0.3695834597
146	0.166737637	0.3704946361
147	0.1666967493	0.3704946361
148	0.1665830859	0.3707197073
149	0.1664965946	0.3704793079
150	0.1664315368	0.3706068616
151	0.1663585796	0.3712941681
152	0.1662780118	0.372960642
153	0.1662005778	0.372415428
154	0.1660899038	0.372767954
155	0.16596621	0.3738174562
156	0.1659119108	0.3747428555
157	0.1658163226	0.3755527284
158	0.1657194731	0.3754281744
159	0.1655943307	0.3750941363
160	0.1654797048	0.3754461651
161	0.1653861637	0.3771890626
162	0.1652376574	0.3801279224
163	0.1651536697	0.3801279224
164	0.1650741824	0.3797806714
165	0.1649624889	0.3786702081
166	0.1648548593	0.3795412907
167	0.1648070704	0.3784426897
168	0.1647492675	0.3784461066
169	0.1646410996	0.3809030522
170	0.1645642749	0.3810858017
171	0.1644248159	0.3806264583
172	0.1643537729	0.3810575839
173	0.1642915377	0.3800666054
174	0.1642332733	0.379951687
175	0.1641524857	0.3815348079
176	0.164020844	0.3826984048
177	0.1639480856	0.383172521
178	0.1638672203	0.3831469804
179	0.163798617	0.3828513975
180	0.1637185455	0.3823125948
181	0.1636264965	0.3824192795
182	0.1635730928	0.3829875305
183	0.1634868695	0.3825291556
184	0.1633884158	0.382610998
185	0.1633134394	0.3845415464
186	0.1632077251	0.3854714522
187	0.1631082403	0.3859274033
188	0.1630575691	0.3856669059
189	0.1629819328	0.3863189439
190	0.16290343	0.3867192922
191	0.162780838	0.3860975951
192	0.1626958172	0.3858031614
193	0.1626456815	0.3859927706
194	0.162563522	0.3865544543
195	0.1624888988	0.3876729403
196	0.1624404604	0.3885426665
197	0.1623558833	0.3892755647
198	0.1622935966	0.3892736781
199	0.1622302109	0.3909494752
200	0.1621390924	0.3924559581
201	0.1620498114	0.3924578447
202	0.1619940032	0.3924578447
203	0.1618823271	0.3928654015
204	0.1617916496	0.3926523229
205	0.1616903801	0.3933370557
206	0.1616381056	0.3936710937
207	0.1615344811	0.3925784951
208	0.1614351366	0.393253713
209	0.1613467276	0.3943755609
210	0.1612809838	0.3949243385
211	0.1611771769	0.3936556865
212	0.1610969028	0.3939637308
213	0.1610195508	0.3946888202
214	0.1609531437	0.3931259816
215	0.1608717597	0.3946814576
216	0.1607897494	0.3945538642
217	0.1607122165	0.3958647277
218	0.1606179101	0.396293591
219	0.1605691262	0.3962898179
220	0.1604978403	0.3961936251
221	0.1604040604	0.3966977744
222	0.1603110144	0.3967434575
223	0.160193385	0.3973727308
224	0.1601502317	0.3970891998
225	0.1600936599	0.3974950218
226	0.1600564831	0.3974950218
227	0.1599684389	0.397532902
228	0.1599113386	0.3981220673
229	0.1598543456	0.3974883719
230	0.1597609662	0.3984520112
231	0.159690406	0.3996512162
232	0.1596063487	0.4002463012
233	0.159533797	0.3986092155
234	0.1594847992	0.397513833
235	0.1593589188	0.3992954907
236	0.1592649598	0.3990611268
237	0.1591416337	0.4009785503
238	0.1590407507	0.4015727729
239	0.1589433273	0.4015629033
240	0.1588801136	0.4026570033
241	0.1588371075	0.4029910414
242	0.1586812782	0.4030322088
243	0.1585912803	0.4033862989
244	0.158522475	0.4033862989
245	0.1584473937	0.4033383224
246	0.158395119	0.4031039584
247	0.1582838837	0.4035401965
248	0.1581883991	0.4036879879
249	0.1581624884	0.4036879879
250	0.1581596243	0.4036879879
251	0.158063336	0.4041913398
252	0.157978789	0.4041913398
253	0.1579016138	0.404866414
254	0.157845129	0.4048695514
255	0.1577701566	0.4052212154
256	0.1577229975	0.4052723157
257	0.1576419672	0.4052723157
258	0.1575779673	0.4052723157
259	0.1575143677	0.4064341857
260	0.1574745397	0.4061174146
261	0.1574028376	0.4056409321
262	0.1573635198	0.4056409321
263	0.1573059176	0.406041
264	0.1572389248	0.406041
265	0.1571379244	0.4059481844
266	0.1570425873	0.4065640842
267	0.156973533	0.40810925
268	0.1568535176	0.4087131574
269	0.1567819572	0.4085240889
270	0.1567272996	0.4085240889
271	0.1566620253	0.409666129
272	0.1565773468	0.4102593616
273	0.1565157402	0.4102543836
274	0.1564505599	0.4106881711
275	0.1563757399	0.4104709603
276	0.1563179198	0.4110542418
277	0.1562597254	0.4118528414
278	0.1561895576	0.4123603215
279	0.1561159055	0.4136122972
280	0.1560518289	0.4139463352
281	0.1559695948	0.4136685137
282	0.1558612359	0.4145064465
283	0.15577112	0.4145293748
284	0.1557296514	0.4139908301
285	0.1556533397	0.4150449913
286	0.1555471637	0.4167863121
287	0.1554536404	0.4165664043
288	0.1554067537	0.4167425637
289	0.1553492971	0.4170260948
290	0.1552794719	0.4167218732
291	0.1552069233	0.4169413759
292	0.155116217	0.4168759064
293	0.1550479947	0.4168759064
294	0.154978408	0.4165418253
295	0.1549206068	0.4165418253
296	0.1548786525	0.4165418253
297	0.154858767	0.4165418253
298	0.1547784992	0.4166135365
299	0.1547166036	0.4169091194
300	0.1546458111	0.4174479221
301	0.1545804046	0.4174510595
302	0.1545047277	0.4174510595
303	0.15445135	0.4174510595
304	0.1543552398	0.4174178378
305	0.1542846973	0.4174510595
306	0.1542270634	0.4174510595
307	0.1541839354	0.4174510595
308	0.154120379	0.4174098206
309	0.1540098983	0.4176578399
310	0.153930615	0.4176578399
311	0.1538507253	0.4185785185
312	0.153804422	0.4180296804
313	0.153770905	0.4173127803
314	0.1536831705	0.4173127803
315	0.1536065728	0.4173169335
316	0.1535568398	0.4181783894
317	0.1534692258	0.4181451678
318	0.1533709768	0.4184619389
319	0.1532770203	0.4177279944
320	0.1532032286	0.4172165311
321	0.1531593017	0.4172165311
322	0.153109716	0.4172165311
323	0.1530416641	0.4170256041
324	0.1529595741	0.4177743495
325	0.1528959656	0.4182603695
326	0.1528846515	0.4190965221
327	0.1528120051	0.4194132932
328	0.1527349787	0.4199085043
329	0.1526575555	0.4185350512
330	0.1526019949	0.4188234271
331	0.1525553939	0.4192799077
332	0.152443042	0.4191321163
333	0.1523431801	0.4198660608
334	0.1522595696	0.4201438042
335	0.1522063995	0.4204288258
336	0.1521328505	0.420967897
337	0.1520399573	0.4209710344
338	0.1519884873	0.4209710344
339	0.1519577028	0.4209710344
340	0.1518887324	0.4208410824
341	0.1518857238	0.4208410824
342	0.1518620489	0.4208410824
343	0.1518000782	0.4209136492
344	0.151715487	0.421104776
345	0.1516426327	0.4217419693
346	0.1515600542	0.4221172462
347	0.1514821026	0.4215920813
348	0.1514335014	0.4215920813
349	0.1513580488	0.4214181219
350	0.1512875277	0.4218048368
351	0.1512179133	0.4221564066
352	0.1512152292	0.4221564066
353	0.1511580334	0.4226954778
354	0.1511029945	0.4235175536
355	0.1510422294	0.4233697622
356	0.1509810029	0.4235298153
357	0.1508902414	0.4232130442
358	0.1508089591	0.4230484782
359	0.1507462066	0.422541332
360	0.1506865352	0.422671362
361	0.1506065317	0.4228559686
362	0.1506048588	0.4228559686
363	0.1505219883	0.4241831021
364	0.1504478762	0.4238077534
365	0.1503973457	0.4238077534
366	0.1503530275	0.4238077534
367	0.1502942246	0.4241203964
368	0.1502681404	0.4246318596
369	0.1501936125	0.4243219658
370	0.1501289172	0.4250443514
371	0.1500866059	0.4250443514
372	0.1500181228	0.4248891203
373	0.1500155054	0.4248891203
374	0.149974824	0.4244766285
375	0.149933959	0.4250823965
376	0.1498501666	0.4254164345
377	0.1497920908	0.4250039427
378	0.1497118755	0.4259549793
379	0.1496662861	0.4259549793
380	0.14960339	0.4259549793
381	0.1495395055	0.4259549793
382	0.149536599	0.4259549793
383	0.1494866945	0.4259549793
384	0.149428757	0.4259549793
385	0.1493731181	0.4262717504
386	0.1492997237	0.4269530824
387	0.1492078287	0.4267930294
388	0.1491549539	0.4281377732
389	0.1490787687	0.4275707112
390	0.1490132404	0.4270766201
391	0.1489653452	0.4270766201
392	0.1489193137	0.4263044211
393	0.1488722354	0.4264644742
394	0.1488119146	0.4264644742
395	0.1487638632	0.4264644742
396	0.148708577	0.426898645
397	0.148706169	0.426898645
398	0.1486621787	0.4275179223
399	0.1485953367	0.4275179223
400	0.1485331758	0.4275179223
401	0.1484731332	0.4271838842
402	0.1484018203	0.4280317538
403	0.1483519708	0.4281891827
404	0.1482986416	0.4281891827
405	0.1482306468	0.4281083604
406	0.1481428603	0.4287685063
407	0.1480849126	0.4287685063
408	0.1480542419	0.4287685063
409	0.1480066537	0.4282014443
410	0.1480053939	0.4282014443
411	0.1479503346	0.4282014443
412	0.1478763573	0.4291767025
413	0.1478294201	0.4291767025
414	0.147776143	0.4293341633
415	0.1477232104	0.4293341633
416	0.1476605888	0.4293341633
417	0.1475916943	0.4293341633
418	0.1475198417	0.4286335228
419	0.1474831317	0.4293341633
420	0.1474172475	0.4293373006
421	0.1473491539	0.4287993249
422	0.1473014795	0.4287993249
423	0.1472988973	0.4287993249
424	0.1472422024	0.4288375735
425	0.1471947992	0.4291878257
426	0.1471153854	0.428979751
427	0.1470062028	0.4282697923
428	0.1469395129	0.429843824
429	0.146872529	0.4308842429
430	0.146822198	0.4308842429
431	0.1467831094	0.4313046399
432	0.1467426051	0.4313046399
433	0.1467075452	0.4316907394
434	0.1466505104	0.4322735209
435	0.1465876381	0.4322174654
436	0.1465853428	0.4322174654
437	0.1465379931	0.4319903446
438	0.1464745853	0.4309174127
439	0.1464273516	0.4321652064
440	0.1463843055	0.4316896117
441	0.1463256298	0.4316896117
442	0.1462893293	0.4316896117
443	0.1462265058	0.4318976864
444	0.1461759222	0.432184
445	0.1461193536	0.4323649626
446	0.146082322	0.4326339505
447	0.1460145378	0.4320480316
448	0.1459256509	0.4320480316
449	0.1458704708	0.4317617179
450	0.1458170424	0.4317617179
451	0.1457552372	0.4328395464
452	0.1457533541	0.4328395464
453	0.1457108486	0.432484745
454	0.1456735406	0.4333151411
455	0.1456401189	0.4333151411
456	0.1455569603	0.433164807
457	0.1454915475	0.4322550415
458	0.1454017123	0.4354735411
459	0.145366881	0.4360345482
460	0.1453650267	0.4360345482
461	0.1452904394	0.435524243
462	0.1452691027	0.435524243
463	0.1452091762	0.4359584138
464	0.1451824501	0.4359615512
465	0.1451419608	0.4359615512
466	0.1451400137	0.4359615512
467	0.1451383589	0.4359615512
468	0.1450837598	0.4352484521
469	0.1450089116	0.4352484521
470	0.1449710449	0.4363431471
471	0.1448933143	0.4352192843
472	0.1448605047	0.4352192843
473	0.1448150512	0.4358052032
474	0.1447870517	0.4363442745
475	0.1447240743	0.4363790214
476	0.1446331493	0.4373649213
477	0.1445960654	0.4370146692
478	0.1445366235	0.4374044852
479	0.1444714165	0.4383857535
480	0.1444087481	0.4365761017
481	0.1443540463	0.4369055452
482	0.1443240546	0.4369055452
483	0.1442579797	0.4374978225
484	0.1441851105	0.4368591944
485	0.1441317662	0.4376850412
486	0.1441083113	0.4376850412
487	0.1440555271	0.4384205372
488	0.1440040404	0.4384205372
489	0.1439564366	0.4381618723
490	0.1439140022	0.4390058913
491	0.1438536149	0.4395449625
492	0.1438529022	0.4395449625
493	0.143799024	0.4401308814
494	0.1437359701	0.4395620991
495	0.1436721974	0.4395620991
496	0.1436257602	0.4406682323
497	0.1436168998	0.4409781262
498	0.1435511663	0.4412459239
499	0.1434793731	0.4413285145
500	0.1434087132	0.4412464046
501	0.1433415372	0.4395314922
502	0.1432816715	0.4409592683
503	0.1432418868	0.4412464046
504	0.1431739568	0.44103308
505	0.1431398707	0.44103308
506	0.1431373234	0.44103308
507	0.1431124837	0.4415086748
508	0.1430838753	0.4406540619
509	0.1430226471	0.4410648104
510	0.1429804188	0.4410836673
511	0.1429322979	0.4410836673
512	0.1428937053	0.4407737734
513	0.1428450329	0.4413408355
514	0.1427755472	0.442043551
515	0.1427248055	0.4421504682
516	0.1427004744	0.4420644736
517	0.1426588298	0.4430791395
518	0.1426171157	0.442854705
519	0.1425343972	0.4435081671
520	0.14247939	0.4433118433
521	0.1424479924	0.4437014434
522	0.1424077042	0.4437014434
523	0.1423542309	0.4437014434
524	0.1423014374	0.4441814622
525	0.1422981902	0.4441814622
526	0.1422280586	0.4438832187
527	0.1422271049	0.4438832187
528	0.1421682372	0.4432713591
529	0.1420990344	0.4434514714
530	0.1420606025	0.4444318964
531	0.141979394	0.4441367629
532	0.14191413	0.4441367629
533	0.1418583943	0.4441367629
534	0.1418147458	0.4441367629
535	0.1417552029	0.4444915643
536	0.1417189083	0.4443437728
537	0.1416865533	0.4451934108
538	0.1416523144	0.4448386094
539	0.1415990486	0.4451934108
540	0.1415509578	0.4451934108
541	0.1415032017	0.4451284347
542	0.1414603405	0.4451284347
543	0.1414124329	0.4451284347
544	0.1413607761	0.4441603754
545	0.1413019768	0.4435224262
546	0.1412440931	0.4441733211
547	0.1412433854	0.4441733211
548	0.141187143	0.4444381327
549	0.1411864702	0.4444381327
550	0.1410984733	0.4437781707
551	0.1410493118	0.4442123415
552	0.1409838965	0.4445671429
553	0.1409204414	0.4449401992
554	0.1408922012	0.4443589989
555	0.1408291171	0.4439248281
556	0.1408281993	0.4439248281
557	0.1407599484	0.4448566451
558	0.1407593151	0.4448566451
559	0.1406972177	0.4445978286
560	0.1406761714	0.445179029
561	0.1406498227	0.445179029
562	0.1406016286	0.445179029
563	0.1405266041	0.4460881913
564	0.1404816231	0.4460881913
565	0.1404123192	0.4462359828
566	0.1403717236	0.4469360041
567	0.1403232612	0.4462904356
568	0.1403082693	0.4462904356
569	0.1402351843	0.446928768
570	0.1401971815	0.4478213954
571	0.1401772795	0.4478213954
572	0.1401403307	0.4480694148
573	0.1400801436	0.4493009021
574	0.1400240786	0.4493009021
575	0.1399947483	0.4493009021
576	0.1399291931	0.4497247839
577	0.1398883906	0.4493699825
578	0.1398358242	0.4491428616
579	0.1398122355	0.449497663
580	0.1397790231	0.4493009021
581	0.1397415933	0.4493009021
582	0.1397001126	0.4491099097
583	0.1396561475	0.4496213729
584	0.1396196409	0.4492665716
585	0.139572194	0.4494936924
586	0.1395493466	0.4500093088
587	0.1395155587	0.4500742849
588	0.1394736009	0.4501075065
589	0.1394167111	0.4503593015
590	0.139367183	0.4500448274
591	0.1392938875	0.4496904533
592	0.1392394916	0.4501412077
593	0.1391921846	0.4505467988
594	0.1391485782	0.4505467988
595	0.1391473362	0.4505467988
596	0.1390556198	0.4488889896
597	0.1390019352	0.4491161104
598	0.1389650323	0.4491161104
599	0.1389325256	0.4491161104
600	0.1389303217	0.4491161104
601	0.1388907268	0.4491161104
602	0.138850469	0.4489561091
603	0.1388156009	0.448761309
604	0.1388148255	0.448761309
605	0.1387818185	0.4498926575
606	0.1387371097	0.4498926575
607	0.1386853148	0.4503124349
608	0.1386287656	0.4502474589
609	0.138627811	0.4502474589
610	0.1385914802	0.4496317269
611	0.1385905745	0.4496317269
612	0.1385200836	0.4502051044
613	0.1384760221	0.4513364529
614	0.1384212617	0.4513364529
615	0.1383703002	0.4510529219
616	0.1382988844	0.4510529219
617	0.1382446721	0.4513364529
618	0.138184075	0.4511093321
619	0.1381609398	0.4508403442
620	0.1381246434	0.4513069844
621	0.138083121	0.4509836513
622	0.1380355953	0.4508540576
623	0.1379819261	0.4507877011
624	0.1379383223	0.451022065
625	0.1379376837	0.451022065
626	0.1379364465	0.451022065
627	0.1378904265	0.451022065
628	0.1378130553	0.4522729657
629	0.1377381256	0.4519705778
630	0.1376869362	0.4526429677
631	0.1376275538	0.4527248101
632	0.1375779314	0.4524412791
633	0.1374900981	0.4524246462
634	0.1374884547	0.4524246462
635	0.1374735485	0.4524246462
636	0.1374031549	0.4524246462
637	0.1373398686	0.4524246462
638	0.1372871542	0.4520906081
639	0.1372395317	0.4520636675
640	0.1372028309	0.4519279249
641	0.1371500834	0.4519279249
642	0.1371323626	0.452370746
643	0.1370739909	0.452370746
644	0.1370396692	0.4522889036
645	0.1369972755	0.4528748225
646	0.1369645042	0.4528748225
647	0.1369636495	0.4528748225
648	0.1369194244	0.4529566649
649	0.1368572841	0.4526608423
650	0.1368051032	0.4529326824
651	0.1367379931	0.4532730152
652	0.1366787599	0.4526845119
653	0.1366522321	0.4530349002
654	0.1366054077	0.4535463634
655	0.1365881331	0.4535463634
656	0.1365578124	0.4535463634
657	0.1365013492	0.4535463634
658	0.1364367018	0.4538182035
659	0.1364092179	0.4531329071
660	0.136371772	0.4536443703
661	0.1363329457	0.4536443703
662	0.1363052084	0.4536443703
663	0.1362094357	0.4538391703
664	0.1361681371	0.4535314855
665	0.1361346966	0.4532596454
666	0.1360982797	0.4532596454
667	0.1360929452	0.4532596454
668	0.1360460924	0.4532596454
669	0.1360122664	0.4539047105
670	0.1359596787	0.4539047105
671	0.1359235041	0.4539047105
672	0.1358992759	0.4539047105
673	0.1358667607	0.4539047105
674	0.1358192274	0.4539047105
675	0.1357752268	0.4539047105
676	0.1357052194	0.4542146044
677	0.1356734161	0.4548550778
678	0.1356184623	0.4557851676
679	0.1356170924	0.4557851676
680	0.1355692927	0.4562187223
681	0.1355687043	0.4562187223
682	0.1355372906	0.4562187223
683	0.1355082752	0.4562187223
684	0.1354615712	0.4568103676
685	0.1354067618	0.4563302084
686	0.135359799	0.4567056757
687	0.1353235249	0.4569125914
688	0.1352428329	0.4567228731
689	0.1351971254	0.4567906555
690	0.1351503683	0.4571074265
691	0.1350753417	0.4568215017
692	0.1350490612	0.4568215017
693	0.135019974	0.4569558444
694	0.1349872774	0.4566390733
695	0.1349561233	0.4569558444
696	0.1349235232	0.4566390733
697	0.1348655836	0.4567350263
698	0.1348223903	0.4566390733
699	0.1347714294	0.4572581329
700	0.1347193095	0.4572581329
701	0.13469398	0.4573540859
702	0.1346552449	0.4572581329
703	0.1345863452	0.4577832978
704	0.1345514769	0.4581825465
705	0.1345206124	0.4581809723
706	0.1345004164	0.4581809723
707	0.1344998496	0.4581809723
708	0.1344672072	0.458560614
709	0.1344419051	0.4581825465
710	0.1344146357	0.4586581412
711	0.134390895	0.4586581412
712	0.1343706586	0.4592393415
713	0.1343247962	0.4592393415
714	0.13427297	0.4587637468
715	0.134272373	0.4587637468
716	0.1342523664	0.4587637468
717	0.1341830765	0.4587637468
718	0.1341128252	0.4586662197
719	0.1340827598	0.4586662197
720	0.1340263465	0.4588610197
721	0.1339528345	0.4591445507
722	0.1339316802	0.4591445507
723	0.1338855653	0.4591445507
724	0.1338249568	0.4591445507
725	0.1338015459	0.4591445507
726	0.1337688077	0.4591445507
727	0.1337240584	0.4596830955
728	0.1336728893	0.4590322864
729	0.1336192911	0.4593663244
730	0.1335829636	0.4593663244
731	0.1335532013	0.4593663244
732	0.1335030729	0.4595754655
733	0.1334660729	0.4595754655
734	0.1334445999	0.4595098926
735	0.1334061455	0.4596729927
736	0.1333868963	0.4593894616
737	0.1333331377	0.4598650563
738	0.1333027505	0.4598650563
739	0.133267966	0.4593894616
740	0.133256726	0.4598650563
741	0.1332279173	0.4597675292
742	0.133189521	0.4592263616
743	0.1331402117	0.4597019563
744	0.1331183409	0.460177551
745	0.1330577294	0.4608099744
746	0.1330213275	0.4605000805
747	0.1329950072	0.4612757102
748	0.1329669525	0.460198319
749	0.1329503649	0.460198319
750	0.132949241	0.460198319
751	0.1329117153	0.4606586583
752	0.1328574632	0.4616302917
753	0.1328328935	0.4621973537
754	0.13278264	0.4613972179
755	0.132736785	0.4613295002
756	0.1327089968	0.4613295002
757	0.1326789098	0.4613295002
758	0.1326773388	0.4613295002
759	0.1326500903	0.4610336776
760	0.1326197593	0.4610336776
761	0.1325730402	0.4610337014
762	0.1325202487	0.4613677394
763	0.1324715888	0.4619695359
764	0.1324385445	0.4616976958
765	0.1323972024	0.461871529
766	0.1323570981	0.461871529
767	0.1323231681	0.4620157044
768	0.1322559431	0.4624912991
769	0.1321965974	0.4624912991
770	0.1321592301	0.4630589619
771	0.1320975561	0.4633593218
772	0.1320643165	0.4633593218
773	0.132002899	0.4633593218
774	0.1319445867	0.4641594576
775	0.1319113423	0.464189054
776	0.1318632315	0.4641594576
777	0.1317974752	0.4641594576
778	0.1317661426	0.4641594576
779	0.1317256755	0.4641594576
780	0.1316725597	0.464189054
781	0.1316402156	0.464189054
782	0.1315991909	0.4644516365
783	0.131560581	0.4647234766
784	0.1314932323	0.465046813
785	0.1314259631	0.465046813
786	0.1313982185	0.465046813
787	0.1313617635	0.465046813
788	0.1313138207	0.465046813
789	0.1312747295	0.4650375553
790	0.1312651659	0.4650375553
791	0.1312256762	0.4642374196
792	0.1311789153	0.4643023956
793	0.1311142174	0.4643023956
794	0.1310722053	0.4643023956
795	0.1310488986	0.4651025314
796	0.1310173679	0.4651025314
797	0.1309798069	0.4649506656
798	0.1309126362	0.4649506656
799	0.130856407	0.4649506656
800	0.1308132261	0.4648163229
801	0.1307894446	0.4648163229
802	0.130742372	0.4638124087
803	0.130711724	0.4638124087
804	0.1306743576	0.4640161871
805	0.1306738497	0.4640161871
806	0.1306732591	0.4640161871
807	0.1306429706	0.4640161871
808	0.1306396091	0.4640161871
809	0.1306392288	0.4640161871
810	0.1305925633	0.4640411101
811	0.1305704833	0.4640411101
812	0.1305080021	0.4640417069
813	0.1304873458	0.4641066829
814	0.1304369233	0.4643338038
815	0.1304136402	0.4642239083
816	0.1303797155	0.4643338038
817	0.1303314032	0.4644681465
818	0.1302584721	0.4643993766
819	0.1302142728	0.4645114699
820	0.1301904904	0.4646730178
821	0.1301534916	0.4646730178
822	0.130126429	0.4646730178
823	0.1300701902	0.4651418675
824	0.1300402956	0.4651418675
825	0.1299981844	0.464856846
826	0.1299448899	0.464856846
827	0.1299166602	0.464856846
828	0.1298784287	0.464856846
829	0.1298304827	0.4651418675
830	0.1297947726	0.464856846
831	0.1297310233	0.464856846
832	0.1296822865	0.4656302758
833	0.1296499954	0.4656302758
834	0.1296094985	0.4656302758
835	0.1295801211	0.4656302758
836	0.129543419	0.4656302758
837	0.1295153841	0.4657614215
838	0.1294872817	0.4649879917
839	0.129439608	0.4655131566
840	0.1293909973	0.4662865864
841	0.1293277889	0.4652413165
842	0.1293262527	0.4652413165
843	0.1292886961	0.4653388436
844	0.1292460861	0.4653388436
845	0.1292060545	0.4650867998
846	0.1292054053	0.4650867998
847	0.1291663003	0.4650867998
848	0.1291099824	0.4652611128
849	0.1290536259	0.465741272
850	0.1290332594	0.465741272
851	0.1289922592	0.465741272
852	0.1289597342	0.465741272
853	0.1289585257	0.465741272
854	0.1288989898	0.465741272
855	0.1288684722	0.465741272
856	0.1288566448	0.4665147017
857	0.1288223548	0.4667418226
858	0.1287853169	0.4665147017
859	0.1287349127	0.4667418226
860	0.1287343443	0.4667418226
861	0.1287022548	0.4667418226
862	0.1286696683	0.4667418226
863	0.1286684342	0.4667418226
864	0.1286437977	0.4674757671
865	0.1286094017	0.4674757671
866	0.1285682167	0.4674757671
867	0.1285444877	0.4674757671
868	0.1285163367	0.4674757671
869	0.1284691129	0.4669956079
870	0.128468464	0.4669956079
871	0.1284120858	0.4669956079
872	0.1283845607	0.4679875236
873	0.1283263825	0.4679875236
874	0.1282983733	0.4680124466
875	0.1282974145	0.4680124466
876	0.128280131	0.4680124466
877	0.128243141	0.4680124466
878	0.1281916454	0.4684676828
879	0.128150204	0.4684676828
880	0.1281331346	0.4684676828
881	0.1280894799	0.4687527043
882	0.1280536942	0.4687527043
883	0.1280525389	0.4687527043
884	0.1280292973	0.4687527043
885	0.1279895206	0.4687527043
886	0.1279464265	0.4687776273
887	0.1279367293	0.4687776273
888	0.1279034469	0.4687776273
889	0.1278777727	0.4687776273
890	0.1278298881	0.4687776273
891	0.1277802863	0.4687776273
892	0.1277607918	0.4687776273
893	0.1277154194	0.4687776273
894	0.1276946052	0.4687776273
895	0.1276935113	0.4687776273
896	0.1276724857	0.4687776273
897	0.1276401054	0.4690732102
898	0.1276066035	0.4690732102
899	0.1275768386	0.4690732102
900	0.1275428015	0.4690732102
901	0.1274952387	0.4696544105
902	0.1274517112	0.4696544105
903	0.1274207008	0.4696544105
904	0.1273871702	0.4696544105
905	0.1273870056	0.4696544105
906	0.1273496798	0.4696544105
907	0.1273212176	0.4696544105
908	0.1273069077	0.4696544105
909	0.1272786979	0.4696544105
910	0.1272353423	0.4704545463
911	0.1271933571	0.4706283795
912	0.1271225901	0.4706283795
913	0.1270620496	0.4706283795
914	0.1270302731	0.4706283795
915	0.1270297562	0.4706283795
916	0.127028383	0.4706283795
917	0.1270051967	0.4706283795
918	0.1269808421	0.4700471792
919	0.1269802204	0.4700471792
920	0.1269318971	0.4700471792
921	0.1269309624	0.4700471792
922	0.126886635	0.4700471792
923	0.1268682403	0.4700471792
924	0.1268676496	0.4700471792
925	0.1268449925	0.4700471792
926	0.1268131313	0.4700471792
927	0.1267499206	0.4699848832
928	0.1266973116	0.4699848832
929	0.1266550392	0.4699848832
930	0.1266137367	0.4699848832
931	0.1265807847	0.469617911
932	0.1265556595	0.4696802069
933	0.1264925045	0.4696802069
934	0.1264702484	0.4696802069
935	0.1264463046	0.4696802069
936	0.1264390901	0.4696802069
937	0.1263976948	0.4698145496
938	0.1263609356	0.4698145496
939	0.1263382456	0.4698145496
940	0.1262997032	0.4698145496
941	0.1262678503	0.4698145496
942	0.1262378848	0.4698145496
943	0.1262375177	0.4698145496
944	0.1262371172	0.4698145496
945	0.1261736357	0.4699896757
946	0.1261326911	0.4699896757
947	0.1260610482	0.4698145496
948	0.1260417179	0.4698145496
949	0.1259911062	0.4703566479
950	0.125962596	0.4703566479
951	0.1259152283	0.4703566479
952	0.1258649646	0.4703566479
953	0.1258070073	0.4701815219
954	0.1257594927	0.4703566479
955	0.1257345779	0.4703566479
956	0.1257064065	0.4703566479
957	0.1256641132	0.4711311245
958	0.1256297606	0.4711311245
959	0.1255777523	0.4711311245
960	0.1255726084	0.4711311245
961	0.1255212316	0.4711311245
962	0.1254903049	0.4711311245
963	0.1254671108	0.4711311245
964	0.1254134702	0.4708412642
965	0.1254126039	0.4708412642
966	0.1253928784	0.4708412642
967	0.1253834309	0.4710163903
968	0.1253441954	0.4710163903
969	0.1253149713	0.4710583496
970	0.1252577405	0.4710583496
971	0.1252358743	0.4710583496
972	0.1252107869	0.4710583496
973	0.1251786826	0.4710583496
974	0.1251642883	0.4710583496
975	0.1251262001	0.4710583496
976	0.1250934004	0.4710583496
977	0.1250444737	0.4710583496
978	0.1250280742	0.4710583496
979	0.1250276917	0.4710583496
980	0.1249905825	0.4712334757
981	0.1249581107	0.4712334757
982	0.1249059036	0.4712334757
983	0.1248977746	0.4712334757
984	0.1248975148	0.4712334757
985	0.1248732414	0.4712334757
986	0.1248346737	0.4712334757
987	0.1248277652	0.4712334757
988	0.1247920904	0.4717891187
989	0.1247331161	0.4716795654
990	0.1246730479	0.4716795654
991	0.1246124994	0.4718294523
992	0.124570684	0.4718294523
993	0.1245664308	0.4718294523
994	0.1245662938	0.4718294523
995	0.1245611427	0.4718294523
996	0.1245321642	0.4718294523
997	0.1245023195	0.4718294523
998	0.1244951026	0.4718294523
999	0.1244769006	0.4718294523
1000	0.1244760622	0.4718294523
1001	0.1244378897	0.4717638794
1002	0.1243975844	0.4717638794
1003	0.1243817051	0.4717638794
1004	0.1243806525	0.4717638794
1005	0.1243801942	0.4717638794
1006	0.1243473465	0.4717638794
1007	0.1243092593	0.4717638794
1008	0.1243072812	0.4717638794
1009	0.124281299	0.4717607421
1010	0.1242207286	0.4717607421
1011	0.1241689825	0.4717607421
1012	0.1241399577	0.4720233245
1013	0.1241003693	0.4720233245
1014	0.1240578156	0.4718300483
1015	0.1240342114	0.4718300483
1016	0.1239810826	0.4718300483
1017	0.1239055624	0.4729914841
1018	0.1238623577	0.4729914841
1019	0.1238363603	0.4729914841
1020	0.1238243059	0.4729914841
1021	0.1237910055	0.4729914841
1022	0.1237553047	0.4729914841
1023	0.1237296459	0.4729914841
1024	0.1236762982	0.4729914841
1025	0.1236216515	0.4729883468
1026	0.1235872246	0.4729883468
1027	0.1235158159	0.4735300289
1028	0.1234738012	0.4729914841
1029	0.1234367658	0.4729914841
1030	0.123428414	0.4729914841
1031	0.1233917592	0.4735268916
1032	0.1233596339	0.4737855564
1033	0.1233312565	0.4737855564
1034	0.1232973516	0.4732470116
1035	0.1232895599	0.4737855564
1036	0.1232410674	0.4737606334
1037	0.1232054656	0.4737606334
1038	0.123195962	0.4737606334
1039	0.1231584791	0.4737606334
1040	0.123114482	0.4744066046
1041	0.1230814715	0.4740562163
1042	0.1230432442	0.4742733017
1043	0.1230301708	0.4740146369
1044	0.1230101631	0.4740146369
1045	0.1229689305	0.4740146369
1046	0.1229629309	0.4740146369
1047	0.1229262911	0.4740152337
1048	0.1229038589	0.474365622
1049	0.1228905903	0.474365622
1050	0.1228349999	0.4748862724
1051	0.1228348062	0.4748862724
1052	0.1227944036	0.4748862724
1053	0.1227552444	0.4748862724
1054	0.1227105872	0.4749518453
1055	0.1226745707	0.4749518453
1056	0.1226347706	0.4749518453
1057	0.122592945	0.4749518453
1058	0.1225921363	0.4749518453
1059	0.1225320688	0.475536183
1060	0.1224673829	0.4752736006
1061	0.1224483866	0.4752736006
1062	0.1224143127	0.4752080277
1063	0.122380968	0.4752048903
1064	0.12235691	0.4752048903
1065	0.1223235979	0.4754884214
1066	0.1223129738	0.4754884214
1067	0.1222851982	0.4755571316
1068	0.1222625803	0.4755571316
1069	0.1222173601	0.4755539942
1070	0.122202413	0.4755539942
1071	0.1221763085	0.4755539942
1072	0.1221760313	0.4755539942
1073	0.122135102	0.4755539942
1074	0.1220985702	0.4753738269
1075	0.1220762542	0.4754713541
1076	0.1220761978	0.4754713541
1077	0.1220256569	0.4754057812
1078	0.1220253553	0.4754057812
1079	0.1220249639	0.4754057812
1080	0.1219930762	0.4755990574
1081	0.1219641538	0.4755990574
1082	0.1219170327	0.4758616398
1083	0.1218801196	0.4758616398
1084	0.1218414134	0.4756683636
1085	0.1218130474	0.4756683636
1086	0.121778792	0.4756683636
1087	0.121744943	0.4756683636
1088	0.1216985012	0.476238756
1089	0.1216627111	0.476238756
1090	0.1216293746	0.476238756
1091	0.1215894513	0.4760454798
1092	0.1215577881	0.4760454798
1093	0.1215060201	0.4760454798
1094	0.1214578846	0.476238756
1095	0.1214134308	0.476238756
1096	0.1214006926	0.476238756
1097	0.121374929	0.476238756
1098	0.1213445798	0.476238756
1099	0.1213051633	0.476238756
1100	0.1212565798	0.477513127
1101	0.1212268599	0.477513127
1102	0.1212045029	0.477513127
1103	0.1211800547	0.477513127
1104	0.1211491313	0.4775225392
1105	0.1211329611	0.4774976162
1106	0.1211211457	0.4774976162
1107	0.1210895516	0.4779540968
1108	0.1210568121	0.4782127617
1109	0.1210565841	0.4782127617
1110	0.1210355123	0.4782127617
1111	0.1210224989	0.4783563299
1112	0.1209936238	0.4785601082
1113	0.1209513399	0.4784945354
1114	0.1209195885	0.4783263664
1115	0.1208882171	0.4783014434
1116	0.1208504611	0.4783014434
1117	0.1208003115	0.4783014434
1118	0.1207541451	0.478441463
1119	0.120718469	0.4787755011
1120	0.1206882849	0.4791085861
1121	0.1206878983	0.4791085861
1122	0.1206487154	0.4791865814
1123	0.1206124142	0.4789279166
1124	0.1205661136	0.4789154551
1125	0.1205342417	0.4791741199
1126	0.1205298975	0.4791741199
1127	0.1204988358	0.4791741199
1128	0.1204950015	0.4791741199
1129	0.1204940995	0.4791741199
1130	0.1204939144	0.4791741199
1131	0.1204564502	0.4791741199
1132	0.1204207892	0.4791741199
1133	0.1203845683	0.4790765928
1134	0.1203450767	0.4788179279
1135	0.1203180308	0.4788179279
1136	0.1202865516	0.4788179279
1137	0.1202646445	0.4788179279
1138	0.1202103165	0.4790765928
1139	0.1201924235	0.4790765928
1140	0.1201787555	0.4790765928
1141	0.1201573643	0.4788179279
1142	0.120120993	0.4786246517
1143	0.1200720621	0.4790765928
1144	0.1200348811	0.478895778
1145	0.1200101366	0.4786371132
1146	0.1199700176	0.4787788644
1147	0.1199434658	0.4787788644
1148	0.1199431172	0.4787788644
1149	0.1198822002	0.4789721406
1150	0.1198486462	0.4789721406
1151	0.1198116196	0.4789721406
1152	0.1197709184	0.4792308054
1153	0.1197462381	0.4789721406
1154	0.119712075	0.4789721406
1155	0.1197024711	0.4789721406
1156	0.1196749325	0.4789721406
1157	0.1196363993	0.4792571621
1158	0.1196251533	0.4792571621
1159	0.1195905322	0.4795158269
1160	0.119556476	0.4795158269
1161	0.1195137749	0.4795158269
1162	0.1194857776	0.4795570658
1163	0.1194519014	0.4795158269
1164	0.1194243035	0.4797876671
1165	0.119411209	0.4797876671
1166	0.1193686933	0.4797876671
1167	0.1193684519	0.4797876671
1168	0.1193359301	0.4797876671
1169	0.1192993853	0.4797876671
1170	0.1192584509	0.4802976861
1171	0.1192319077	0.4802976861
1172	0.1192208748	0.4802976861
1173	0.1191901937	0.4801044099
1174	0.1191617167	0.4803839988
1175	0.1191306016	0.4803839988
1176	0.1190964944	0.4803839988
1177	0.1190712286	0.480481526
1178	0.1190368436	0.4806061179
1179	0.1190162711	0.4806061179
1180	0.1190046495	0.4806061179
1181	0.1189652486	0.4809650714
1182	0.1189422523	0.4809650714
1183	0.118910799	0.4809650714
1184	0.1189103963	0.4809650714
1185	0.1189092399	0.4809650714
1186	0.1188924289	0.4809650714
1187	0.1188349582	0.4810081968
1188	0.1188214423	0.4810081968
1189	0.1188020015	0.4810081968
1190	0.1187769252	0.4810081968
1191	0.1187505638	0.480894092
1192	0.1187220548	0.4810081968
1193	0.1186950167	0.4807246657
1194	0.1186942371	0.4807246657
1195	0.1186675751	0.4809726851
1196	0.1186489976	0.4809726851
1197	0.1186039009	0.4805955689
1198	0.1185768114	0.4805955689
1199	0.118549567	0.4805955689
1200	0.1185492378	0.4805955689
1201	0.1185025435	0.4809314462
1202	0.1184903829	0.4809314462
1203	0.1184602906	0.4809314462
1204	0.1184295634	0.4808616994
1205	0.1183985891	0.4808616994
1206	0.1183643289	0.4808616994
1207	0.1183434227	0.4808616994
1208	0.1183009619	0.4806948636
1209	0.1182711487	0.4806948636
1210	0.1182413163	0.4806948636
1211	0.1181997168	0.4806948636
1212	0.1181859514	0.4806948636
1213	0.1181504021	0.480466654
1214	0.1181120976	0.4806948636
1215	0.1180840329	0.4806948636
1216	0.1180616964	0.4806948636
1217	0.1180228252	0.4806948636
1218	0.1179673165	0.4808260093
1219	0.1179392702	0.4808698105
1220	0.1179301916	0.4808260093
1221	0.1179005976	0.4805519273
1222	0.117900345	0.4805519273
1223	0.117900292	0.4805519273
1224	0.1178930017	0.4805519273
1225	0.1178602966	0.4806706657
1226	0.1178360385	0.4805460738
1227	0.1178250323	0.4805460738
1228	0.1177853955	0.4805441872
1229	0.1177398699	0.4806292273
1230	0.117695578	0.4807125803
1231	0.1176943251	0.4807125803
1232	0.1176941069	0.4807125803
1233	0.1176710574	0.4807125803
1234	0.1176454199	0.4808794162
1235	0.1176321243	0.4808794162
1236	0.1176092514	0.4808794162
1237	0.1175625887	0.4809148773
1238	0.1175613885	0.4809148773
1239	0.1175272284	0.4810394692
1240	0.1175068949	0.4810484799
1241	0.1174549198	0.4813202089
1242	0.1174306606	0.4813202089
1243	0.1173875074	0.4812565546
1244	0.1173525411	0.4812565546
1245	0.1173180902	0.4811319627
1246	0.1172950283	0.4811319627
1247	0.1172628564	0.4811319627
1248	0.1172282165	0.4811319627
1249	0.117188	0.4811319627
1250	0.1171868493	0.4811319627
1251	0.1171847875	0.4811319627
1252	0.117184588	0.4811319627
1253	0.1171824777	0.4811319627
1254	0.1171390045	0.4817680347
1255	0.1170825754	0.4812294899
1256	0.1170615738	0.4812294899
1257	0.1170613577	0.4812294899
1258	0.1170544532	0.4812294899
1259	0.1170488441	0.4812294899
1260	0.1170252986	0.4812294899
1261	0.1169930084	0.4814227661
1262	0.1169663976	0.4813086613
1263	0.116959254	0.4815936829
1264	0.1169230389	0.4810236398
1265	0.1168889793	0.4817595136
1266	0.1168627568	0.4817595136
1267	0.1168287003	0.4815514389
1268	0.1168284647	0.4815514389
1269	0.1168106128	0.4809813958
1270	0.1167677664	0.4815514389
1271	0.1167543981	0.4815514389
1272	0.1167532582	0.4815514389
1273	0.1167187102	0.4816304881
1274	0.1166870432	0.4814993424
1275	0.1166867776	0.4814993424
1276	0.1166767505	0.4814993424
1277	0.116665889	0.4814993424
1278	0.1166361256	0.4817333754
1279	0.1166135144	0.4817333754
1280	0.1165823647	0.4818103223
1281	0.116551914	0.4820881438
1282	0.116513444	0.4820881438
1283	0.1164753839	0.4819906166
1284	0.1164397644	0.4822756382
1285	0.1164061972	0.4822756382
1286	0.1163758579	0.4822756382
1287	0.1163478839	0.4822756382
1288	0.1162853976	0.4825606597
1289	0.1162574905	0.4825606597
1290	0.1162073101	0.4825606597
1291	0.1161801989	0.4825606597
1292	0.1161474561	0.4825606597
1293	0.1161270599	0.4827554597
1294	0.1161031272	0.4825606597
1295	0.1160826783	0.4826852516
1296	0.116055238	0.4826671015
1297	0.1160546461	0.4826671015
1298	0.1160281719	0.4826671015
1299	0.1159931399	0.4826671015
1300	0.1159610538	0.4829074425
1301	0.1159392914	0.4830417852
1302	0.1159124252	0.4830417852
1303	0.1159113182	0.4830417852
1304	0.115870769	0.48315589
1305	0.1158111229	0.483808994
1306	0.1157703117	0.4841268621
1307	0.1157411092	0.484385527
1308	0.1156941428	0.4843216622
1309	0.1156638653	0.4843216622
1310	0.1156636419	0.4843216622
1311	0.1156585358	0.4843216622
1312	0.1156337997	0.4843000273
1313	0.1156094915	0.4843000273
1314	0.1155716588	0.4845586922
1315	0.1155483646	0.4845586922
1316	0.1155151218	0.4844341003
1317	0.1154693809	0.4844341003
1318	0.1154226074	0.4848365137
1319	0.1153985167	0.4848365137
1320	0.1153843909	0.4848365137
1321	0.1153641634	0.4847119218
1322	0.1153271743	0.4848365137
1323	0.1153049374	0.4848365137
1324	0.1152985391	0.4848365137
1325	0.1152978854	0.4848365137
1326	0.1152655338	0.4848365137
1327	0.1152293611	0.4845819697
1328	0.115229157	0.4845819697
1329	0.1152289814	0.4845819697
1330	0.1151872117	0.4840263267
1331	0.115183191	0.4840263267
1332	0.1151550184	0.4840263267
1333	0.1151190025	0.4841562788
1334	0.1150905153	0.4841562788
1335	0.1150774386	0.4841562788
1336	0.1150465054	0.4843530397
1337	0.1150056216	0.4843530397
1338	0.1149678784	0.4847200119
1339	0.114955494	0.4847200119
1340	0.1149553482	0.4847200119
1341	0.1149223504	0.4847200119
1342	0.1148748258	0.4847200119
1343	0.114856667	0.4852756549
1344	0.1148238045	0.4847056118
1345	0.1148026703	0.4847056118
1346	0.1147705994	0.4847056118
1347	0.1147600335	0.4847056118
1348	0.1147538098	0.4847056118
1349	0.1147240451	0.4847056118
1350	0.1146701265	0.4847056118
1351	0.1146450102	0.4847056118
1352	0.1146097184	0.4847056118
1353	0.1145834343	0.4847056118
1354	0.1145382186	0.4847056118
1355	0.1144950884	0.4849891429
1356	0.1144639281	0.4847056118
1357	0.1144324322	0.4847056118
1358	0.1143947942	0.4844445141
1359	0.1143548975	0.4844445141
1360	0.1143234059	0.4844445141
1361	0.1142853486	0.4845756598
1362	0.1142555118	0.484461555
1363	0.1142347709	0.484461555
1364	0.1142336901	0.484461555
1365	0.114233128	0.484461555
1366	0.1142041593	0.484461555
1367	0.1142032567	0.484461555
1368	0.1141813168	0.484461555
1369	0.1141274284	0.4850409087
1370	0.1140809168	0.4850409087
1371	0.1140426017	0.4850409087
1372	0.1140022175	0.4852327548
1373	0.1139822517	0.4848657826
1374	0.1139500419	0.4854078809
1375	0.1139194791	0.4854078809
1376	0.1138887837	0.4854078809
1377	0.1138420279	0.4852327548
1378	0.1138211736	0.4853573467
1379	0.1137937776	0.4853573467
1380	0.1137675998	0.4853573467
1381	0.1137558065	0.4853573467
1382	0.1137113946	0.4853573467
1383	0.1136772416	0.4853573467
1384	0.1136457084	0.4852125731
1385	0.1136166944	0.4852125731
1386	0.1135756132	0.4852125731
1387	0.1135438379	0.4855238898
1388	0.1135355369	0.4855238898
1389	0.1135339038	0.485409785
1390	0.1135192964	0.485472081
1391	0.1134760025	0.4855053026
1392	0.1134546321	0.4854430066
1393	0.1134317024	0.4854430066
1394	0.1133981878	0.4851843418
1395	0.1133530563	0.4853607425
1396	0.1133346111	0.4853607425
1397	0.1133117532	0.4856194074
1398	0.1133107618	0.4856194074
1399	0.1133104627	0.4856194074
1400	0.1132955796	0.4856194074
1401	0.1132516636	0.4856194074
1402	0.1132515278	0.4856194074
1403	0.1132360363	0.4856194074
1404	0.1132340666	0.4856194074
1405	0.1132072196	0.4858274821
1406	0.1131805894	0.4858274821
1407	0.1131557675	0.4858274821
1408	0.1131444882	0.4858274821
1409	0.1131242098	0.4855688172
1410	0.1131027746	0.4855688172
1411	0.1130694718	0.4855688172
1412	0.1130511875	0.4855688172
1413	0.1130281121	0.4855688172
1414	0.1129955	0.4855688172
1415	0.1129781431	0.4855688172
1416	0.1129519977	0.4855688172
1417	0.1129107039	0.485981309
1418	0.1128824601	0.4860954138
1419	0.1128385276	0.4860067593
1420	0.1128375988	0.4860067593
1421	0.1128166684	0.4861313512
1422	0.1127890301	0.485764379
1423	0.1127692928	0.4859681573
1424	0.1127529167	0.4859681573
1425	0.1127364579	0.4858435655
1426	0.1127209986	0.4859681573
1427	0.1126711394	0.4859681573
1428	0.1126709623	0.4859681573
1429	0.112638967	0.4858435655
1430	0.1125965587	0.4858435655
1431	0.1125701043	0.4858435655
1432	0.1125301921	0.486071775
1433	0.1125295155	0.486071775
1434	0.1124908626	0.4858241954
1435	0.112465637	0.4858241954
1436	0.112442701	0.4861911677
1437	0.1124143587	0.4861911677
1438	0.112398761	0.4861911677
1439	0.1123899314	0.4861911677
1440	0.1123668077	0.4861911677
1441	0.1123356393	0.4856397871
1442	0.112331452	0.4856397871
1443	0.1123106037	0.4856397871
1444	0.1122890737	0.4856397871
1445	0.1122583764	0.4859302926
1446	0.1122393312	0.4858890538
1447	0.1122056682	0.4858890538
1448	0.1121671475	0.4859302926
1449	0.1121570279	0.4858679967
1450	0.1121343959	0.4861563726
1451	0.1121341749	0.4861563726
1452	0.1121307105	0.4865233448
1453	0.1120895238	0.4865233448
1454	0.1120611219	0.486482106
1455	0.1120303618	0.4863680012
1456	0.1120072304	0.4860796253
1457	0.1119955698	0.4863680012
1458	0.1119592632	0.4865717796
1459	0.111957971	0.4862834037
1460	0.11194776	0.4862834037
1461	0.1119222676	0.4864079956
1462	0.1119033	0.4865221004
1463	0.1118964189	0.4865221004
1464	0.1118656609	0.4864079956
1465	0.1118331087	0.4865221004
1466	0.1118328293	0.4865221004
1467	0.1118075452	0.4865221004
1468	0.1117812725	0.4868104763
1469	0.1117661097	0.4868104763
1470	0.111730135	0.4868104763
1471	0.1117293691	0.4868104763
1472	0.1117180247	0.4867481803
1473	0.1116783307	0.4867376103
1474	0.1116544105	0.4867376103
1475	0.1116225403	0.4868517151
1476	0.1115987751	0.4868517151
1477	0.1115661957	0.4868517151
1478	0.111520691	0.4868517151
1479	0.1114925229	0.4874575409
1480	0.111453595	0.4874575409
1481	0.1114224733	0.4874575409
1482	0.1113778432	0.4871740099
1483	0.1113628895	0.4871740099
1484	0.111330227	0.4874575409
1485	0.1113047284	0.4876508171
1486	0.1112834384	0.4877807692
1487	0.1112648316	0.4877807692
1488	0.1112045468	0.4877807692
1489	0.1111832857	0.4877807692
1490	0.1111816399	0.4877807692
1491	0.111155813	0.4878430651
1492	0.1111475785	0.4878430651
1493	0.1111209413	0.488041724
1494	0.1110832497	0.4879117719
1495	0.1110580021	0.4877617298
1496	0.1110268118	0.487647625
1497	0.1109775621	0.487777577
1498	0.1109759746	0.487777577
1499	0.1109434526	0.487777577
1500	0.1109431388	0.487777577
1501	0.1109216143	0.487777577
1502	0.1108990468	0.4879276192
1503	0.1108763186	0.4879276192
1504	0.1108403119	0.4881837666
1505	0.1108339664	0.4881837666
1506	0.1108067481	0.4883137187
1507	0.1107873527	0.4883137187
1508	0.1107549494	0.4880253427
1509	0.110729219	0.4880253427
1510	0.1107048013	0.4880253427
1511	0.1106637718	0.4880253427
1512	0.110642779	0.4880253427
1513	0.1106143005	0.4880253427
1514	0.1105810902	0.4880253427
1515	0.1105540306	0.4879278156
1516	0.1105257848	0.4879278156
1517	0.1104813583	0.4879278156
1518	0.1104399358	0.4879278156
1519	0.1104397809	0.4879278156
1520	0.1104361933	0.4879278156
1521	0.1104009182	0.4880284801
1522	0.1103834044	0.4880284801
1523	0.1103740834	0.4880284801
1524	0.1103417811	0.488106079
1525	0.1103060612	0.4879318184
1526	0.1102840423	0.4879318184
1527	0.1102532224	0.4879318184
1528	0.1102473174	0.4879318184
1529	0.1102445182	0.4879318184
1530	0.1102214514	0.4880284801
1531	0.1102211202	0.4880284801
1532	0.1101866864	0.4880284801
1533	0.1101850441	0.4880284801
1534	0.1101521741	0.4880284801
1535	0.1101252957	0.4880284801
1536	0.1101013868	0.4880284801
1537	0.1100827572	0.4880284801
1538	0.1100670562	0.4880284801
1539	0.1100480526	0.4880993557
1540	0.1100056054	0.4883580205
1541	0.1099825151	0.4883580205
1542	0.109948657	0.4883580205
1543	0.1099436252	0.4883580205
1544	0.1099229923	0.4883580205
1545	0.1099023903	0.4883580205
1546	0.1098912088	0.4883580205
1547	0.1098772696	0.4883580205
1548	0.1098468723	0.4876668106
1549	0.1098383925	0.4876668106
1550	0.1098104005	0.4870609848
1551	0.1098051421	0.4870609848
1552	0.109805008	0.4870609848
1553	0.1097951236	0.4870609848
1554	0.109776642	0.4870609848
1555	0.1097559131	0.4870609848
1556	0.1097150973	0.487427957
1557	0.1096930449	0.487427957
1558	0.109669289	0.487427957
1559	0.1096442018	0.487427957
1560	0.1096387559	0.4879980001
1561	0.1096385832	0.4879980001
1562	0.1096163488	0.4879980001
1563	0.1095819449	0.4879980001
1564	0.109561173	0.4879980001
1565	0.1095394785	0.4879980001
1566	0.1095217948	0.4879980001
1567	0.109521529	0.4879980001
1568	0.1094926651	0.4879357042
1569	0.1094800277	0.4879357042
1570	0.1094755645	0.4879357042
1571	0.1094350562	0.4879394773
1572	0.1094080536	0.4879394773
1573	0.109377902	0.4885453031
1574	0.1093735027	0.4885453031
1575	0.109335787	0.4885453031
1576	0.1093112593	0.4885453031
1577	0.1093084845	0.488610876
1578	0.1092875937	0.4886731719
1579	0.1092590193	0.4886731719
1580	0.1092382959	0.4886731719
1581	0.1092089758	0.4889615479
1582	0.1091846497	0.4889615479
1583	0.1091721378	0.4889615479
1584	0.1091682386	0.4889615479
1585	0.1091529906	0.4892138886
1586	0.109130304	0.4888992519
1587	0.1090903583	0.4888992519
1588	0.1090689889	0.4892106117
1589	0.1090427612	0.4894823538
1590	0.1090344321	0.4895446497
1591	0.1089986422	0.4895446497
1592	0.1089670847	0.4893218466
1593	0.108951289	0.4893218466
1594	0.108930084	0.4893218466
1595	0.1089076668	0.4893218466
1596	0.108868301	0.4889255127
1597	0.1088414533	0.4889878086
1598	0.1088063068	0.4889878086
1599	0.1087969836	0.488916933
1600	0.1087584903	0.4888906723
1601	0.108744919	0.4888906723
1602	0.1086907572	0.4888875349
1603	0.1086570825	0.4888906723
1604	0.1086331476	0.4888906723
1605	0.1086252511	0.489205309
1606	0.1086127923	0.489205309
1607	0.1085715001	0.4892021716
1608	0.1085513462	0.4889850621
1609	0.1085344728	0.4889850621
1610	0.1085056796	0.4889881995
1611	0.1084656315	0.4889881995
1612	0.1084406734	0.4889881995
1613	0.1084404458	0.4889881995
1614	0.1084111007	0.4889881995
1615	0.1083890897	0.4889881995
1616	0.1083606356	0.4889226266
1617	0.1083544862	0.4889226266
1618	0.1083278166	0.4893332163
1619	0.1083132484	0.4893332163
1620	0.1083066388	0.4893332163
1621	0.1082659675	0.4895713013
1622	0.1082483619	0.4895713013
1623	0.108206261	0.4895713013
1624	0.1081922973	0.4895713013
1625	0.1081616036	0.4895713013
1626	0.1081574739	0.4895713013
1627	0.1081307431	0.489353801
1628	0.1081022276	0.4892829254
1629	0.1080773477	0.4892829254
1630	0.1080384126	0.489353801
1631	0.1080382667	0.489353801
1632	0.1080375031	0.489353801
1633	0.108030629	0.489353801
1634	0.108000359	0.4892562738
1635	0.107969265	0.4892562738
1636	0.1079588003	0.4892562738
1637	0.107949556	0.4892562738
1638	0.1079459043	0.4892562738
1639	0.1079192686	0.4892562738
1640	0.107897064	0.4892562738
1641	0.1078781243	0.4892562738
1642	0.1078747246	0.4892562738
1643	0.1078745639	0.4892562738
1644	0.1078493213	0.4892562738
1645	0.1078286172	0.4892562738
1646	0.1078209995	0.4892562738
1647	0.1078138426	0.4892562738
1648	0.1078087455	0.4892562738
1649	0.1077883258	0.4892562738
1650	0.1077879612	0.4892562738
1651	0.1077616236	0.4892562738
1652	0.1077239265	0.4892562738
1653	0.1077130378	0.4892562738
1654	0.107710426	0.4892562738
1655	0.1077102557	0.4892562738
1656	0.1076862792	0.4892562738
1657	0.1076541293	0.4891957431
1658	0.1076399985	0.489430107
1659	0.1076314968	0.4891957431
1660	0.1076121451	0.489430107
1661	0.1075912865	0.489430107
1662	0.1075451863	0.489430107
1663	0.1075126557	0.4891957431
1664	0.1074841334	0.489430107
1665	0.1074712719	0.489430107
1666	0.1074489455	0.489430107
1667	0.1074364097	0.489430107
1668	0.1074353947	0.489430107
1669	0.1074034873	0.4893592314
1670	0.1073695705	0.4893592314
1671	0.1073490485	0.4894248043
1672	0.107308199	0.4893592314
1673	0.1072828943	0.4898552701
1674	0.1072779104	0.4898552701
1675	0.1072420261	0.4898552701
1676	0.1072201462	0.4899208429
1677	0.1071981216	0.4898552701
1678	0.1071666858	0.4898552701
1679	0.1071455164	0.4898552701
1680	0.1071370843	0.4898552701
1681	0.1071365937	0.4898552701
1682	0.1071282607	0.4898552701
1683	0.1070987113	0.4898552701
1684	0.1070663088	0.4898552701
1685	0.107031419	0.4898552701
1686	0.1070140236	0.4898552701
1687	0.1069872151	0.4898552701
1688	0.1069758963	0.4898552701
1689	0.1069325588	0.4900303961
1690	0.1068883667	0.4900303961
1691	0.1068710744	0.4898565629
1692	0.1068601534	0.4898565629
1693	0.1068344976	0.4900303961
1694	0.1068018944	0.4900303961
1695	0.1067846838	0.4900303961
1696	0.1067415687	0.490095969
1697	0.106741453	0.490095969
1698	0.1067328605	0.490095969
1699	0.106709503	0.490095969
1700	0.1067071027	0.490095969
1701	0.1066811935	0.490095969
1702	0.1066416946	0.490095969
1703	0.1065968552	0.490095969
1704	0.1065557523	0.490095969
1705	0.1065401842	0.490095969
1706	0.1065190812	0.490095969
1707	0.1064694929	0.490095969
1708	0.1064341735	0.4902303117
1709	0.1064074225	0.4896602686
1710	0.1063841547	0.4896602686
1711	0.1063510441	0.4896602686
1712	0.1063048976	0.4896602686
1713	0.1062906557	0.4896602686
1714	0.1062631172	0.4899486445
1715	0.1062459166	0.4899486445
1716	0.1062148781	0.4899486445
1717	0.1062065967	0.4899486445
1718	0.1061985461	0.4899486445
1719	0.1061808308	0.4899486445
1720	0.1061783586	0.4905186876
1721	0.1061547955	0.4905186876
1722	0.106137636	0.4905186876
1723	0.106127025	0.4905186876
1724	0.1061158398	0.4905186876
1725	0.1061157153	0.4905186876
1726	0.1060853181	0.4903843449
1727	0.1060601129	0.4903843449
1728	0.106031525	0.4903843449
1729	0.1060149998	0.4903843449
1730	0.1060106809	0.4903843449
1731	0.1059819613	0.4903843449
1732	0.1059583148	0.4908260876
1733	0.1059409035	0.4909236148
1734	0.1059262531	0.4909236148
1735	0.1059166623	0.4910579575
1736	0.1058863365	0.4910579575
1737	0.1058685313	0.4909604303
1738	0.1058659424	0.4909604303
1739	0.1058338719	0.4908103882
1740	0.1058271164	0.4908103882
1741	0.1058271047	0.4908103882
1742	0.1058085326	0.4908103882
1743	0.105766782	0.4908103882
1744	0.1057533676	0.4909079153
1745	0.1057250303	0.4909079153
1746	0.1056939578	0.4909079153
1747	0.1056733468	0.4909079153
1748	0.1056513561	0.4908103882
1749	0.1056409936	0.4908103882
1750	0.1056122221	0.4906760454
1751	0.1056034388	0.4906760454
1752	0.1055637365	0.4907735726
1753	0.1055342529	0.4907735726
1754	0.1055341326	0.4907735726
1755	0.1055204432	0.4907735726
1756	0.1054934882	0.4909079153
1757	0.1054784206	0.4909079153
1758	0.105469477	0.4913292156
1759	0.1054388905	0.4913292156
1760	0.1054189706	0.4913292156
1761	0.1053923777	0.4913292156
1762	0.1053774578	0.4913292156
1763	0.1053657372	0.4913292156
1764	0.1053326817	0.4914635583
1765	0.1053055715	0.4910441941
1766	0.1052757145	0.491328579
1767	0.1052516421	0.491328579
1768	0.105233327	0.491328579
1769	0.1051975131	0.4914426838
1770	0.1051724801	0.4914426838
1771	0.1051531869	0.4914426838
1772	0.1051244137	0.4914426838
1773	0.1051137179	0.4914426838
1774	0.1050970535	0.4908870408
1775	0.10509665	0.4908870408
1776	0.1050789953	0.4908870408
1777	0.1050656144	0.4908870408
1778	0.1050340414	0.4909579164
1779	0.1050066523	0.4909579164
1780	0.1049984629	0.4909579164
1781	0.1049828938	0.4909579164
1782	0.1049794289	0.4909579164
1783	0.1049792864	0.4909579164
1784	0.1049637618	0.4909579164
1785	0.1049635316	0.4909579164
1786	0.1049471572	0.4909579164
1787	0.1049470354	0.4909579164
1788	0.1049249942	0.4908870408
1789	0.1049049313	0.4910818408
1790	0.1048636509	0.4910818408
1791	0.1048417515	0.4908870408
1792	0.1048165524	0.4908870408
1793	0.104814342	0.4908870408
1794	0.1048065777	0.4908870408
1795	0.1047816187	0.4908870408
1796	0.1047644633	0.4908870408
1797	0.1047362948	0.4914426838
1798	0.1047084343	0.4914874416
1799	0.1047084003	0.4914874416
1800	0.1046662174	0.4914874416
1801	0.1046371494	0.4914874416
1802	0.1046253952	0.4914874416
1803	0.1046133903	0.4914874416
1804	0.1045824839	0.4914874416
1805	0.1045540698	0.4914874416
1806	0.1045297555	0.4914874416
1807	0.1045275304	0.4914874416
1808	0.1044844902	0.4914484153
1809	0.104457599	0.4914484153
1810	0.1044272051	0.4912983731
1811	0.1043924197	0.4914484153
1812	0.1043880099	0.4914484153
1813	0.1043559569	0.4913524623
1814	0.1043356757	0.4913524623
1815	0.1042911778	0.4912024201
1816	0.1042910955	0.4912024201
1817	0.1042646303	0.4912024201
1818	0.1042223362	0.4912024201
1819	0.1041959783	0.4912024201
1820	0.1041664929	0.4912024201
1821	0.1041431328	0.4912024201
1822	0.1041211847	0.4912024201
1823	0.1041096372	0.4912024201
1824	0.1040817146	0.4912024201
1825	0.1040491261	0.4912024201
1826	0.104047835	0.4912024201
1827	0.1040304896	0.4912024201
1828	0.1040029141	0.4912024201
1829	0.103974332	0.491828057
1830	0.1039529908	0.4913524623
1831	0.103941966	0.4913524623
1832	0.1039195065	0.4913524623
1833	0.1039133589	0.4913524623
1834	0.1039025667	0.4913524623
1835	0.103883682	0.4912024201
1836	0.1038577925	0.4916780148
1837	0.1038392405	0.4916780148
1838	0.1038191287	0.4916780148
1839	0.1037943391	0.4916780148
1840	0.1037660369	0.4912024201
1841	0.1037659341	0.4916780148
1842	0.1037233143	0.4916780148
1843	0.1036979237	0.4916780148
1844	0.1036797659	0.4916780148
1845	0.1036653654	0.4916780148
1846	0.1036251238	0.4916780148
1847	0.1036160035	0.4916780148
1848	0.1036141091	0.4916780148
1849	0.10359754	0.4916780148
1850	0.1035698668	0.4916780148
1851	0.1035473912	0.49156391
1852	0.1035336652	0.49156391
1853	0.1035017829	0.4919366796
1854	0.1034774322	0.4915443015
1855	0.1034551248	0.4915443015
1856	0.1034335215	0.4921852202
1857	0.1034256856	0.4916151771
1858	0.1034185888	0.4916151771
1859	0.1034002006	0.4916151771
1860	0.103397702	0.4916151771
1861	0.1033704254	0.4915004428
1862	0.1033585791	0.4915004428
1863	0.103323876	0.4916145476
1864	0.1032979264	0.4917488904
1865	0.1032697548	0.4922257528
1866	0.1032521367	0.4921548772
1867	0.1032254351	0.4921548772
1868	0.1032137985	0.4921548772
1869	0.1031989266	0.4921548772
1870	0.103162237	0.4921548772
1871	0.1031236712	0.4921548772
1872	0.1030714038	0.4924135421
1873	0.1030713475	0.4924135421
1874	0.1030529791	0.4924135421
1875	0.1030510299	0.4924135421
1876	0.1030291906	0.4924135421
1877	0.1030223367	0.4924135421
1878	0.1029996845	0.4924135421
1879	0.102996743	0.4924135421
1880	0.1029620601	0.4924135421
1881	0.1029428343	0.4924135421
1882	0.1029178079	0.4924135421
1883	0.1028881729	0.492589941
1884	0.1028880819	0.492589941
1885	0.1028645494	0.4926985636
1886	0.1028310869	0.4930295074
1887	0.1028019365	0.4927444858
1888	0.1027736609	0.4925677668
1889	0.1027317836	0.4928987106
1890	0.102701384	0.4928987106
1891	0.1026818159	0.4925677668
1892	0.1026667465	0.4925677668
1893	0.1026412404	0.4925677668
1894	0.1026249923	0.4925677668
1895	0.1026161555	0.4925021939
1896	0.1025862303	0.4928816779
1897	0.1025737119	0.4928816779
1898	0.1025660521	0.4928816779
1899	0.1025591612	0.4928816779
1900	0.1025327653	0.4929472508
1901	0.1025080653	0.4929472508
1902	0.1024842849	0.4932322724
1903	0.1024724744	0.4931666995
1904	0.1024280967	0.4928816779
1905	0.1024020831	0.4930707465
1906	0.1023895719	0.4930707465
1907	0.1023590941	0.4930707465
1908	0.1023394006	0.4925021939
1909	0.1023090622	0.4927857249
1910	0.1022885211	0.4927857249
1911	0.1022884424	0.4927857249
1912	0.102287273	0.4927857249
1913	0.1022632819	0.4927857249
1914	0.1022430797	0.4927857249
1915	0.10222061	0.4928512978
1916	0.1021880335	0.4928512978
1917	0.1021615159	0.4928512978
1918	0.1021321252	0.4931166687
1919	0.1020956748	0.4931166687
1920	0.1020730085	0.4931166687
1921	0.1020459432	0.4932667109
1922	0.1020335476	0.4932667109
1923	0.1020282617	0.4932667109
1924	0.1020007708	0.4932667109
1925	0.1019736795	0.4932667109
1926	0.101955186	0.4932667109
1927	0.101934601	0.4932667109
1928	0.1019086224	0.4932667109
1929	0.1018813204	0.4937447756
1930	0.1018559112	0.4933322838
1931	0.1018134955	0.4933956717
1932	0.1017862213	0.4929831799
1933	0.1017650036	0.4935644685
1934	0.101739604	0.4935644685
1935	0.1017160362	0.4935644685
1936	0.1016950464	0.4935644685
1937	0.1016634952	0.493635344
1938	0.1016333863	0.493635344
1939	0.1016092604	0.493635344
1940	0.1015825159	0.493635344
1941	0.1015508667	0.4932228522
1942	0.1015280047	0.4932228522
1943	0.1015023133	0.493635344
1944	0.1014895022	0.493635344
1945	0.1014713187	0.493635344
1946	0.1014295494	0.493635344
1947	0.1013969052	0.493635344
1948	0.1013948782	0.493635344
1949	0.1013792427	0.493635344
1950	0.1013680712	0.493635344
1951	0.1013440829	0.4936988112
1952	0.1013290918	0.4935644685
1953	0.101298643	0.4935644685
1954	0.1012793871	0.493635344
1955	0.101260147	0.4937696868
1956	0.1012345109	0.4937696868
1957	0.1012115296	0.493438743
1958	0.1012108154	0.493438743
1959	0.1012076905	0.493438743
1960	0.1011815511	0.493438743
1961	0.1011640699	0.493204379
1962	0.101146075	0.493438743
1963	0.1011096394	0.493438743
1964	0.1010831942	0.4935043159
1965	0.1010501367	0.4935005427
1966	0.1010150413	0.4936938189
1967	0.1010135849	0.4936938189
1968	0.1009933831	0.4936938189
1969	0.1009932709	0.4936938189
1970	0.1009680392	0.4936938189
1971	0.1009368302	0.493888619
1972	0.1009366023	0.493888619
1973	0.100897203	0.4936953428
1974	0.1008741472	0.4936953428
1975	0.1008450122	0.4934609788
1976	0.1008175986	0.4935005427
1977	0.1007919391	0.4936953428
1978	0.1007863957	0.4936953428
1979	0.1007502311	0.4936953428
1980	0.100717763	0.4938762443
1981	0.1006853603	0.4939418172
1982	0.1006609468	0.4939418172
1983	0.1006299038	0.4945118603
1984	0.1006188456	0.4939418172
1985	0.1005980771	0.4939418172
1986	0.1005735978	0.4939418172
1987	0.1005393165	0.4939418172
1988	0.1005152514	0.4950504051
1989	0.1005023101	0.4945814937
1990	0.1005000797	0.4940429489
1991	0.1004886128	0.494612992
1992	0.1004689635	0.494612992
1993	0.1004682842	0.494612992
1994	0.1004542594	0.4945474191
1995	0.1004262761	0.4945474191
1996	0.1004082495	0.4945474191
1997	0.1003761674	0.4950859639
1998	0.1003508381	0.4948911639
1999	0.100347518	0.4948911639
